GEOID,B08141_E001,B08141_E002,B08141_E003,B08141_E004,B08141_E005,B08141_E016,B08141_E017,B08141_E018,B08141_E019,B08141_E020,B08141_M001,B08141_M002,B08141_M003,B08141_M004,B08141_M005,B08141_M016,B08141_M017,B08141_M018,B08141_M019,B08141_M020
06059001101,2235,25,130,728,1352,66,13,0,47,6,377,39,80,230,447,64,20,14,59,10
06059001102,1878,50,183,898,747,2,0,0,0,2,268,49,118,313,269,12,14,14,14,12
06059001103,2444,125,400,936,983,104,91,13,0,0,429,114,258,298,372,106,104,21,19,19
06059001201,2612,140,215,791,1466,19,0,0,19,0,440,132,108,247,505,30,19,19,30,19
06059001202,1760,58,187,501,1014,78,0,30,5,43,273,66,110,136,260,49,14,34,9,33
06059001301,3938,116,570,1887,1365,0,0,0,0,0,455,146,185,383,437,19,19,19,19,19
06059001303,3263,73,366,1523,1301,10,0,0,0,10,709,56,145,585,362,18,19,19,19,18
06059001304,1731,188,310,522,711,10,0,0,0,10,302,230,146,247,197,17,14,14,14,17
06059001401,2015,0,257,952,806,83,0,0,74,9,253,14,116,277,254,110,14,14,109,13
06059001402,2464,0,411,984,1069,37,0,0,22,15,369,14,154,274,338,41,14,14,31,24
06059001403,2230,0,142,530,1558,90,0,0,81,9,903,14,98,164,889,106,14,14,104,15
06059001404,1744,43,114,537,1050,24,20,0,0,4,349,45,84,219,312,38,36,14,14,15
06059001501,2336,0,391,1000,945,0,0,0,0,0,308,19,206,255,322,19,19,19,19,19
06059001503,2342,37,270,1263,772,0,0,0,0,0,369,54,165,373,275,19,19,19,19,19
06059001504,2496,19,567,663,1247,17,0,0,17,0,371,22,155,178,372,26,14,14,26,14
06059001505,3213,68,529,1241,1375,25,0,25,0,0,366,91,279,309,387,40,19,40,19,19
06059001506,2019,11,93,890,1025,13,0,0,13,0,269,16,58,210,306,19,14,14,19,14
06059001507,3264,147,577,1869,671,0,0,0,0,0,399,105,157,465,256,19,19,19,19,19
06059001602,2172,0,237,966,969,22,0,0,12,10,217,14,83,210,236,25,14,14,21,15
06059001603,1456,56,241,705,454,0,0,0,0,0,313,86,165,248,221,14,14,14,14,14
06059001604,1777,20,93,987,677,0,0,0,0,0,474,31,71,460,217,14,14,14,14,14
06059001704,3834,225,442,1826,1341,64,0,0,51,13,455,177,219,398,345,71,19,19,67,23
06059001705,2095,120,449,877,649,17,0,0,17,0,242,181,159,232,220,26,14,14,26,14
06059001706,1660,0,46,797,817,0,0,0,0,0,294,14,42,228,260,14,14,14,14,14
06059001708,1563,18,163,546,836,10,0,10,0,0,261,28,95,159,264,17,14,17,14,14
06059001709,1339,50,58,640,591,0,0,0,0,0,179,56,42,131,182,14,14,14,14,14
06059001710,2401,11,187,1250,953,36,0,0,36,0,455,16,94,398,274,44,14,14,44,14
06059001801,2619,88,459,645,1427,56,37,0,19,0,376,87,174,196,419,70,53,19,28,19
06059001802,3750,0,638,1445,1667,62,0,62,0,0,667,19,392,496,525,73,19,73,19,19
06059001901,1457,0,54,538,865,13,0,0,13,0,313,14,50,115,313,20,14,14,20,14
06059001902,1274,7,37,589,641,7,0,0,0,7,207,12,23,161,170,11,14,14,14,11
06059001903,1557,25,127,338,1067,12,0,6,0,6,196,22,75,114,249,12,14,9,14,8
06059011000,3214,239,381,1632,962,313,76,44,46,147,563,174,209,454,383,258,118,70,46,215
06059011101,1938,32,206,743,957,6,0,0,6,0,375,41,92,241,332,9,14,14,9,14
06059011102,2123,8,144,645,1326,27,8,0,19,0,365,14,84,180,341,31,14,14,29,14
06059011200,2012,49,399,547,1017,49,49,0,0,0,334,57,123,189,359,57,57,14,14,14
06059011300,2654,82,429,1189,954,104,30,14,40,20,326,64,188,318,301,91,39,22,63,31
06059011401,1044,0,120,520,404,16,0,0,16,0,181,14,51,155,164,22,14,14,22,14
06059011402,1357,24,94,471,768,33,0,16,10,7,172,36,42,107,174,25,14,19,14,11
06059011403,2903,154,317,1002,1430,21,0,0,9,12,365,120,153,282,361,28,19,19,18,20
06059011502,2263,27,251,977,1008,42,27,0,11,4,355,43,127,298,316,41,43,19,20,11
06059011503,733,15,34,271,413,12,0,6,6,0,105,22,24,85,108,12,14,8,9,14
06059011504,2387,166,875,865,481,61,31,8,0,22,411,144,260,274,322,66,50,15,14,36
06059011601,3644,217,561,1307,1559,288,156,0,86,46,470,213,232,411,493,205,186,19,84,58
06059011602,2515,31,387,967,1130,83,0,38,0,45,581,47,143,303,468,82,19,52,19,72
06059011707,3387,32,649,1515,1191,24,0,0,24,0,453,50,211,421,379,39,19,19,39,19
06059011708,2598,12,727,1144,715,12,12,0,0,0,321,18,220,266,265,18,18,19,19,19
06059011709,1871,0,27,727,1117,31,0,0,16,15,281,14,30,197,283,33,14,14,25,23
06059011710,1944,0,33,660,1251,6,0,0,6,0,575,14,31,173,570,10,14,14,10,14
06059011711,3154,99,993,1560,502,41,0,41,0,0,542,114,285,457,394,63,19,63,19,19
06059011712,2458,0,540,1001,917,40,0,0,0,40,299,14,182,269,260,49,14,14,14,49
06059011714,612,4,50,350,208,4,0,0,4,0,147,7,32,89,124,5,14,14,5,14
06059011715,3027,0,179,1234,1614,0,0,0,0,0,555,19,106,392,576,19,19,19,19,19
06059011716,2347,53,235,1046,1013,73,0,0,52,21,235,70,129,222,234,64,19,19,59,23
06059011717,1339,5,93,456,785,13,0,13,0,0,150,8,58,90,154,19,14,19,14,14
06059011718,1712,62,52,523,1075,0,0,0,0,0,198,73,35,139,200,14,14,14,14,14
06059011720,2355,33,506,1171,645,63,10,36,0,17,354,39,177,350,259,54,15,43,19,30
06059011721,2929,165,711,1216,837,167,6,113,37,11,442,159,300,250,316,142,12,137,35,18
06059011722,968,0,137,340,491,41,0,0,11,30,288,14,69,199,237,46,14,14,18,43
06059021802,3956,85,449,1271,2151,15,15,0,0,0,352,103,151,322,410,27,27,19,19,19
06059021807,2111,53,225,879,954,35,0,0,35,0,278,75,100,262,309,56,14,14,56,14
06059021809,1572,36,109,521,906,0,0,0,0,0,182,45,50,187,267,14,14,14,14,14
06059021810,1716,14,140,838,724,0,0,0,0,0,299,20,99,285,190,14,14,14,14,14
06059021812,3535,0,241,1393,1901,59,0,0,0,59,653,19,124,488,591,97,19,19,19,97
06059021813,4,0,0,4,0,0,0,0,0,0,5,14,14,5,14,14,14,14,14,14
06059021814,3938,51,487,1934,1466,44,0,0,0,44,503,59,235,557,455,69,19,19,19,69
06059021816,2575,0,303,942,1330,4,0,0,0,4,402,19,161,245,347,8,19,19,19,8
06059021817,1664,22,131,718,793,4,0,0,0,4,231,36,66,183,244,7,14,14,14,7
06059021820,2556,0,57,1233,1266,25,0,0,25,0,400,14,42,317,365,30,14,14,30,14
06059021821,4137,98,777,1872,1390,0,0,0,0,0,524,117,304,533,412,19,19,19,19,19
06059021822,4258,0,321,2046,1891,12,0,0,12,0,534,19,245,522,442,20,19,19,20,19
06059021823,1465,0,15,606,844,0,0,0,0,0,223,14,18,177,184,14,14,14,14,14
06059021824,946,0,22,490,434,0,0,0,0,0,152,14,19,134,127,14,14,14,14,14
06059021825,1349,0,40,554,755,0,0,0,0,0,251,14,30,166,261,14,14,14,14,14
06059021826,1411,11,337,674,389,14,0,0,0,14,216,19,148,183,170,24,14,14,14,24
06059021827,1440,9,92,758,581,0,0,0,0,0,201,13,63,226,164,14,14,14,14,14
06059021828,2247,161,56,846,1184,0,0,0,0,0,293,153,42,255,213,14,14,14,14,14
06059021829,1840,19,107,614,1100,0,0,0,0,0,258,30,74,163,211,14,14,14,14,14
06059021830,2790,36,189,1192,1373,0,0,0,0,0,515,57,183,441,362,19,19,19,19,19
06059021831,2574,50,185,1088,1251,47,0,0,0,47,465,68,109,345,500,70,19,19,19,70
06059021832,3313,0,231,1303,1779,0,0,0,0,0,463,19,140,324,504,19,19,19,19,19
06059021903,2019,121,148,660,1090,0,0,0,0,0,271,106,86,218,256,14,14,14,14,14
06059021905,2577,0,117,753,1707,0,0,0,0,0,471,19,79,208,488,19,19,19,19,19
06059021912,2409,0,71,1106,1232,13,0,13,0,0,504,14,51,386,344,20,14,20,14,14
06059021913,4126,26,410,1154,2536,71,0,16,7,48,492,28,198,347,521,71,19,25,12,65
06059021914,2181,20,161,749,1251,0,0,0,0,0,358,23,67,229,391,14,14,14,14,14
06059021915,1793,42,213,829,709,0,0,0,0,0,247,68,83,209,188,14,14,14,14,14
06059021916,1308,0,255,630,423,25,0,0,8,17,162,14,90,174,149,29,14,14,13,24
06059021917,1536,7,97,526,906,0,0,0,0,0,240,13,83,159,276,14,14,14,14,14
06059021918,2378,101,279,945,1053,0,0,0,0,0,266,102,106,154,276,14,14,14,14,14
06059021919,1454,44,184,699,527,0,0,0,0,0,284,67,150,190,182,14,14,14,14,14
06059021920,3847,0,229,1762,1856,0,0,0,0,0,891,19,140,609,819,19,19,19,19,19
06059021921,2598,20,105,930,1543,37,0,0,37,0,467,38,80,281,481,56,14,14,56,14
06059021922,3092,92,522,1442,1036,20,0,0,0,20,503,91,167,509,281,33,19,19,19,33
06059021923,3612,0,488,1933,1191,50,0,0,16,34,754,19,243,697,364,56,19,19,27,49
06059021924,2437,0,308,905,1224,26,0,26,0,0,301,14,113,269,203,40,14,40,14,14
06059032002,2764,0,186,1135,1443,26,0,0,26,0,520,19,135,469,391,43,19,19,43,19
06059032003,2076,0,141,750,1185,30,0,0,0,30,239,14,91,152,251,41,14,14,14,41
06059032011,819,9,113,295,402,22,0,22,0,0,179,12,46,124,166,30,14,30,14,14
06059032012,1577,8,129,649,791,11,0,0,0,11,276,14,80,150,263,17,14,14,14,17
06059032013,2266,47,391,802,1026,0,0,0,0,0,325,52,144,256,407,19,19,19,19,19
06059032014,2692,0,268,892,1532,64,0,25,30,9,436,19,137,290,470,71,19,38,58,20
06059032015,3045,56,137,1453,1399,24,15,0,0,9,518,96,80,254,446,31,25,19,19,18
06059032020,3137,87,159,1311,1580,19,10,0,9,0,564,94,140,355,431,22,17,19,15,19
06059032022,3547,117,563,1262,1605,16,0,16,0,0,551,179,234,329,546,27,19,27,19,19
06059032027,3506,20,426,1746,1314,95,0,0,0,95,385,24,169,487,346,87,19,19,19,87
06059032028,2213,113,431,1225,444,20,9,0,11,0,375,87,158,388,206,22,13,14,18,14
06059032029,2226,50,152,1115,909,0,0,0,0,0,341,61,101,227,335,14,14,14,14,14
06059032030,1835,42,119,772,902,60,0,0,8,52,224,47,83,169,204,45,14,14,12,44
06059032031,1838,95,103,648,992,13,0,0,0,13,306,105,54,162,348,19,14,14,14,19
06059032032,1415,308,79,350,678,0,0,0,0,0,213,206,42,166,223,14,14,14,14,14
06059032033,2335,17,436,1536,346,1,0,1,0,0,510,27,153,541,143,8,14,8,14,14
06059032034,2661,58,117,1158,1328,0,0,0,0,0,274,90,84,198,265,19,19,19,19,19
06059032035,792,0,153,317,322,0,0,0,0,0,147,14,71,112,114,14,14,14,14,14
06059032036,1566,5,75,874,612,0,0,0,0,0,270,12,47,158,254,14,14,14,14,14
06059032037,1758,0,101,735,922,0,0,0,0,0,797,19,75,293,746,19,19,19,19,19
06059032038,3292,13,170,1212,1897,15,0,0,15,0,434,20,114,289,473,25,19,19,25,19
06059032039,3116,70,339,1085,1622,0,0,0,0,0,396,84,164,334,458,19,19,19,19,19
06059032040,950,35,78,376,461,0,0,0,0,0,139,50,41,92,140,14,14,14,14,14
06059032041,485,7,15,214,249,0,0,0,0,0,89,10,24,89,75,14,14,14,14,14
06059032042,3486,3,236,1143,2104,0,0,0,0,0,592,10,174,229,591,19,19,19,19,19
06059032043,1690,0,123,686,881,29,0,0,29,0,164,14,69,188,195,31,14,14,31,14
06059032044,2682,0,246,1101,1335,0,0,0,0,0,496,19,114,376,371,19,19,19,19,19
06059032045,1905,32,80,623,1170,0,0,0,0,0,342,34,47,116,342,14,14,14,14,14
06059032046,3091,42,53,1324,1672,33,0,0,33,0,563,47,46,392,497,48,19,19,48,19
06059032047,2900,14,799,1363,724,0,0,0,0,0,388,22,270,273,272,14,14,14,14,14
06059032048,2493,82,212,1103,1096,0,0,0,0,0,318,96,169,352,326,14,14,14,14,14
06059032049,5674,25,418,2902,2329,0,0,0,0,0,648,43,231,619,671,21,21,21,21,21
06059032050,2723,55,332,1348,988,0,0,0,0,0,330,52,115,347,228,14,14,14,14,14
06059032051,2756,0,922,1112,722,0,0,0,0,0,339,14,278,246,255,14,14,14,14,14
06059032053,4636,46,845,1939,1806,0,0,0,0,0,849,59,341,507,815,19,19,19,19,19
06059032054,2790,30,621,1421,718,0,0,0,0,0,540,52,203,384,405,19,19,19,19,19
06059032055,1917,66,329,1025,497,14,0,0,14,0,256,77,117,255,187,21,14,14,21,14
06059032057,3600,41,466,1576,1517,28,11,0,0,17,486,52,274,366,412,31,18,19,19,26
06059032058,3124,0,415,1516,1193,32,0,0,32,0,371,19,254,312,342,44,19,19,44,19
06059032059,3971,49,538,2086,1298,0,0,0,0,0,490,76,183,371,446,19,19,19,19,19
06059032061,2199,24,81,1439,655,0,0,0,0,0,554,28,56,480,329,19,19,19,19,19
06059032062,2024,0,21,1187,816,0,0,0,0,0,273,14,38,265,358,14,14,14,14,14
06059032063,3137,0,310,1889,938,0,0,0,0,0,481,19,212,509,363,19,19,19,19,19
06059032064,1582,0,128,1054,400,0,0,0,0,0,306,14,95,325,251,14,14,14,14,14
06059032065,2900,33,158,1370,1339,0,0,0,0,0,399,51,121,364,254,19,19,19,19,19
06059032066,3859,102,634,2029,1094,0,0,0,0,0,582,105,217,379,391,19,19,19,19,19
06059042106,930,0,67,473,390,0,0,0,0,0,219,14,37,162,178,14,14,14,14,14
06059042107,1761,35,348,791,587,4,0,0,4,0,248,53,135,238,192,7,14,14,7,14
06059042108,3303,137,565,2019,582,17,17,0,0,0,486,147,222,522,290,28,28,19,19,19
06059042109,2189,27,417,1129,616,0,0,0,0,0,332,30,156,251,288,14,14,14,14,14
06059042111,2579,0,182,963,1434,12,0,0,12,0,346,19,126,255,332,21,19,19,21,19
06059042112,3803,0,301,1213,2289,0,0,0,0,0,579,19,180,384,586,19,19,19,19,19
06059042113,1804,28,234,748,794,0,0,0,0,0,282,44,108,241,222,14,14,14,14,14
06059042114,2016,18,97,688,1213,0,0,0,0,0,380,30,62,205,283,14,14,14,14,14
06059042115,462,0,187,180,95,0,0,0,0,0,103,14,69,75,83,14,14,14,14,14
06059042116,3212,0,527,1955,730,36,0,0,36,0,681,19,161,653,282,43,19,19,43,19
06059042201,2950,223,580,837,1310,0,0,0,0,0,442,177,220,386,378,19,19,19,19,19
06059042203,4831,19,388,2007,2417,17,0,0,0,17,827,31,295,437,798,27,19,19,19,27
06059042205,2401,10,253,1331,807,0,0,0,0,0,442,18,151,345,375,19,19,19,19,19
06059042206,1503,8,242,490,763,17,0,0,0,17,223,13,122,132,213,28,14,14,14,28
06059042305,1704,0,269,594,841,15,0,10,0,5,265,14,143,175,249,17,14,15,14,8
06059042307,3350,50,238,1152,1910,32,0,0,0,32,484,62,148,377,462,51,19,19,19,51
06059042311,2845,53,260,1191,1341,0,0,0,0,0,432,74,155,365,406,19,19,19,19,19
06059042312,4386,126,334,1349,2577,119,12,0,73,34,642,138,191,570,403,127,19,19,116,59
06059042313,3348,73,943,1590,742,24,0,0,0,24,452,108,271,415,329,42,19,19,19,42
06059042315,3785,19,508,1885,1373,2,0,0,0,2,476,38,188,515,438,18,19,19,19,18
06059042317,1582,0,94,945,543,28,0,0,0,28,442,14,76,435,189,44,14,14,14,44
06059042319,1501,0,112,686,703,20,0,0,20,0,223,14,60,201,166,30,14,14,30,14
06059042320,3395,195,923,1968,309,47,47,0,0,0,538,156,275,524,158,78,78,19,19,19
06059042323,1966,0,551,880,535,0,0,0,0,0,396,14,206,314,256,14,14,14,14,14
06059042324,1939,221,345,1110,263,0,0,0,0,0,388,224,196,287,174,14,14,14,14,14
06059042325,2067,0,419,874,774,30,0,0,30,0,362,14,204,276,212,46,14,14,46,14
06059042326,2279,171,206,999,903,55,55,0,0,0,317,124,104,284,235,68,68,14,14,14
06059042327,2146,0,269,917,960,0,0,0,0,0,277,14,116,239,247,14,14,14,14,14
06059042328,1152,0,33,415,704,0,0,0,0,0,255,14,26,140,264,14,14,14,14,14
06059042329,1503,0,139,808,556,0,0,0,0,0,235,14,79,166,210,14,14,14,14,14
06059042330,3158,27,538,1163,1430,0,0,0,0,0,408,44,229,313,473,19,19,19,19,19
06059042331,2983,0,501,809,1673,0,0,0,0,0,630,19,215,281,748,19,19,19,19,19
06059042332,2627,31,589,1081,926,0,0,0,0,0,426,46,331,351,324,19,19,19,19,19
06059042333,2948,9,625,1098,1216,0,0,0,0,0,411,14,221,339,297,19,19,19,19,19
06059042334,2193,189,449,1181,374,0,0,0,0,0,384,204,211,345,192,14,14,14,14,14
06059042335,3035,21,536,1545,933,0,0,0,0,0,430,36,185,324,344,19,19,19,19,19
06059042336,2091,38,377,799,877,0,0,0,0,0,277,38,147,170,266,14,14,14,14,14
06059042337,1714,17,183,711,803,0,0,0,0,0,217,22,74,174,206,14,14,14,14,14
06059042338,2830,0,289,1332,1209,0,0,0,0,0,543,19,104,526,432,19,19,19,19,19
06059042339,1658,0,161,947,550,0,0,0,0,0,357,14,58,267,277,14,14,14,14,14
06059042340,1041,27,137,466,411,0,0,0,0,0,223,35,87,186,191,14,14,14,14,14
06059042341,3145,0,292,1609,1244,0,0,0,0,0,503,19,166,291,536,19,19,19,19,19
06059052408,2315,57,161,892,1205,0,0,0,0,0,416,68,101,323,378,19,19,19,19,19
06059052410,2708,0,256,1387,1065,0,0,0,0,0,397,19,137,320,370,19,19,19,19,19
06059052411,2646,13,119,666,1848,0,0,0,0,0,430,22,70,246,382,14,14,14,14,14
06059052415,1717,14,115,802,786,0,0,0,0,0,233,24,70,208,152,14,14,14,14,14
06059052416,2298,0,191,1166,941,16,0,0,0,16,364,14,101,367,238,25,14,14,14,25
06059052417,3344,28,173,1922,1221,0,0,0,0,0,795,33,95,755,340,19,19,19,19,19
06059052419,1589,50,181,794,564,7,0,0,0,7,299,42,81,301,130,10,14,14,14,10
06059052421,4362,92,870,1914,1486,0,0,0,0,0,718,90,227,350,680,19,19,19,19,19
06059052422,6142,279,978,3133,1752,168,157,0,0,11,648,252,263,538,652,207,207,21,21,18
06059052423,2683,20,565,1514,584,0,0,0,0,0,328,40,225,417,274,19,19,19,19,19
06059052424,2882,76,617,1101,1088,9,0,0,9,0,472,84,190,284,468,15,19,19,15,19
06059052425,3916,82,541,1833,1460,0,0,0,0,0,565,98,203,453,596,19,19,19,19,19
06059052427,3348,0,350,1311,1687,0,0,0,0,0,395,19,114,232,385,19,19,19,19,19
06059052428,3571,0,381,1723,1467,0,0,0,0,0,428,19,162,384,414,19,19,19,19,19
06059052429,4612,15,727,3500,370,17,0,0,17,0,691,25,304,745,211,26,19,19,26,19
06059052430,7637,0,1050,3999,2588,91,0,22,69,0,941,21,389,851,668,114,21,37,109,21
06059052431,2494,97,674,1072,651,14,0,14,0,0,729,116,396,380,530,23,14,23,14,14
06059052432,3381,66,1091,1631,593,0,0,0,0,0,434,75,345,358,293,19,19,19,19,19
06059052433,7354,305,2068,4214,767,0,0,0,0,0,1044,253,708,990,435,21,21,21,21,21
06059052434,3873,50,142,2185,1496,0,0,0,0,0,629,82,107,618,489,19,19,19,19,19
06059052435,3914,0,343,1585,1986,32,0,0,32,0,1537,19,251,489,1732,53,19,19,53,19
06059052436,2561,0,541,699,1321,0,0,0,0,0,466,19,310,248,465,19,19,19,19,19
06059052437,2571,117,491,1398,565,8,0,0,0,8,518,142,277,404,259,16,19,19,19,16
06059052438,3802,78,770,2201,753,27,0,0,27,0,704,92,218,735,280,42,19,19,42,19
06059052439,5569,56,759,2554,2200,0,0,0,0,0,825,49,245,403,794,21,21,21,21,21
06059052502,2755,0,168,1208,1379,0,0,0,0,0,337,19,85,293,287,19,19,19,19,19
06059052505,2111,40,294,1046,731,0,0,0,0,0,285,46,94,223,216,14,14,14,14,14
06059052506,1142,13,147,505,477,0,0,0,0,0,170,16,69,133,144,14,14,14,14,14
06059052511,3183,0,819,910,1454,16,0,16,0,0,659,19,440,290,581,25,19,25,19,19
06059052513,2485,15,261,1517,692,0,0,0,0,0,287,25,110,301,226,19,19,19,19,19
06059052514,2646,27,257,1420,942,14,0,0,14,0,451,31,111,364,325,21,19,19,21,19
06059052518,4773,296,1806,2417,254,55,55,0,0,0,538,147,354,470,176,89,89,19,19,19
06059052519,2219,0,371,877,971,15,0,15,0,0,314,14,136,284,232,23,14,23,14,14
06059052520,1588,17,210,765,596,6,0,0,6,0,210,27,92,181,196,10,14,14,10,14
06059052521,3489,14,1348,1656,471,75,0,75,0,0,368,23,362,454,264,72,19,72,19,19
06059052522,1839,13,337,783,706,0,0,0,0,0,261,19,147,189,253,14,14,14,14,14
06059052523,2339,39,355,1131,814,9,0,0,9,0,243,46,124,235,306,14,14,14,14,14
06059052524,4493,219,719,2718,837,36,36,0,0,0,475,228,268,472,315,54,54,19,19,19
06059052526,2060,84,112,724,1140,0,0,0,0,0,311,103,69,227,289,14,14,14,14,14
06059052527,3807,165,478,1312,1852,61,16,0,0,45,623,150,205,361,625,73,24,19,19,64
06059052528,1676,75,151,760,690,59,0,0,59,0,347,76,80,251,264,61,14,14,61,14
06059052529,1394,31,121,619,623,0,0,0,0,0,297,51,65,234,291,14,14,14,14,14
06059052530,3018,67,564,1876,511,40,0,18,22,0,859,89,171,793,361,33,19,28,35,19
06059052531,2100,30,537,906,627,0,0,0,0,0,517,48,187,257,478,14,14,14,14,14
06059052532,2625,38,1068,941,578,0,0,0,0,0,456,64,306,286,411,19,19,19,19,19
06059052533,3337,43,580,1728,986,14,0,14,0,0,623,71,194,541,381,23,19,23,19,19
06059052534,1196,35,413,690,58,0,0,0,0,0,250,46,231,217,75,14,14,14,14,14
06059052535,2842,108,833,977,924,137,0,0,123,14,603,121,454,337,387,133,19,19,128,25
06059062605,1734,68,848,486,332,25,0,0,25,0,243,67,185,166,153,43,14,14,43,14
06059062610,7808,63,3852,3595,298,0,0,0,0,0,1014,69,819,872,283,21,21,21,21,21
06059062611,1958,155,578,925,300,44,37,0,7,0,385,94,221,282,177,45,44,14,11,14
06059062614,6006,516,2294,2415,781,173,39,0,134,0,835,321,572,629,595,175,64,25,164,25
06059062619,1510,35,270,695,510,0,0,0,0,0,260,32,164,234,174,14,14,14,14,14
06059062620,2565,0,524,1046,995,17,0,17,0,0,376,14,257,301,325,28,14,28,14,14
06059062622,1344,66,697,317,264,0,0,0,0,0,346,83,311,182,187,14,14,14,14,14
06059062625,1893,0,390,1128,375,0,0,0,0,0,368,14,161,227,343,14,14,14,14,14
06059062626,1104,142,406,399,157,0,0,0,0,0,199,142,119,164,103,14,14,14,14,14
06059062627,1711,131,395,503,682,16,0,0,7,9,649,100,159,212,606,19,14,14,12,14
06059062628,1017,10,172,525,310,0,0,0,0,0,133,16,57,145,131,14,14,14,14,14
06059062629,929,0,103,441,385,0,0,0,0,0,91,14,44,87,107,14,14,14,14,14
06059062630,841,0,88,535,218,7,0,0,0,7,210,14,32,212,89,11,14,14,14,11
06059062631,1257,40,47,775,395,0,0,0,0,0,187,45,42,173,136,14,14,14,14,14
06059062632,1744,13,248,812,671,0,0,0,0,0,367,19,101,318,206,14,14,14,14,14
06059062633,3294,0,265,1523,1506,0,0,0,0,0,387,19,112,374,255,19,19,19,19,19
06059062634,2498,0,412,1089,997,6,0,0,6,0,307,14,152,231,276,12,14,14,12,14
06059062635,2687,16,414,1530,727,5,0,0,0,5,381,25,164,417,219,9,14,14,14,9
06059062636,2265,23,460,1017,765,8,0,8,0,0,420,27,168,187,430,14,14,14,14,14
06059062637,3469,184,943,2063,279,16,0,0,16,0,455,243,258,492,148,27,19,19,27,19
06059062638,3415,97,573,1955,790,0,0,0,0,0,367,82,188,389,344,19,19,19,19,19
06059062639,4292,14,665,2261,1352,83,0,70,13,0,471,22,226,468,422,74,19,72,21,19
06059062640,1922,125,526,1040,231,0,0,0,0,0,208,88,118,200,110,14,14,14,14,14
06059062641,2654,8,473,1413,760,11,0,0,11,0,304,13,226,306,243,18,19,19,18,19
06059062642,1221,27,105,594,495,0,0,0,0,0,272,41,52,171,204,14,14,14,14,14
06059062643,2700,0,329,646,1725,0,0,0,0,0,432,19,225,184,416,19,19,19,19,19
06059062645,2940,20,748,1458,714,0,0,0,0,0,485,33,268,338,368,19,19,19,19,19
06059062646,611,31,396,184,0,0,0,0,0,0,208,35,188,112,14,14,14,14,14,14
06059062647,2066,12,608,1254,192,33,0,0,33,0,384,20,193,398,169,52,14,14,52,14
06059062648,619,9,351,179,80,0,0,0,0,0,176,15,141,82,66,14,14,14,14,14
06059062649,1011,54,423,451,83,21,0,21,0,0,215,61,180,139,83,31,14,31,14,14
06059062650,2494,15,235,859,1385,48,0,48,0,0,465,23,112,286,472,73,14,73,14,14
06059062651,1639,0,343,785,511,63,0,0,47,16,440,14,144,290,353,63,14,14,57,28
06059062652,2527,0,376,978,1173,0,0,0,0,0,335,14,189,224,304,14,14,14,14,14
06059062653,4489,14,1563,2387,525,13,0,0,13,0,516,22,357,452,314,20,19,19,20,19
06059062654,4209,20,693,1885,1611,0,0,0,0,0,949,32,267,722,663,19,19,19,19,19
06059062655,1944,55,395,1104,390,0,0,0,0,0,284,69,143,319,191,14,14,14,14,14
06059062656,1633,37,424,841,331,12,0,0,0,12,360,60,238,349,227,21,14,14,14,21
06059062657,1699,31,774,546,348,0,0,0,0,0,471,47,382,239,212,14,14,14,14,14
06059062658,2024,17,338,841,828,0,0,0,0,0,335,30,143,229,339,14,14,14,14,14
06059062701,1010,0,250,561,199,0,0,0,0,0,214,14,113,175,93,14,14,14,14,14
06059062702,2121,0,530,1007,584,0,0,0,0,0,521,14,214,418,341,14,14,14,14,14
06059062800,2061,52,541,915,553,0,0,0,0,0,584,64,319,463,300,14,14,14,14,14
06059062900,678,0,38,506,134,0,0,0,0,0,169,14,22,162,72,14,14,14,14,14
06059063004,3182,85,775,1825,497,0,0,0,0,0,558,98,223,505,263,19,19,19,19,19
06059063005,742,12,317,298,115,0,0,0,0,0,133,13,105,113,74,14,14,14,14,14
06059063006,1104,0,234,574,296,0,0,0,0,0,367,14,108,259,224,14,14,14,14,14
06059063007,2680,0,578,1391,711,46,0,0,12,34,582,19,254,345,485,58,19,19,22,54
06059063008,1492,0,405,900,187,0,0,0,0,0,645,14,131,681,186,14,14,14,14,14
06059063009,749,0,88,309,352,0,0,0,0,0,137,14,67,83,131,14,14,14,14,14
06059063010,3960,21,1438,1871,630,16,0,0,16,0,680,35,377,636,329,28,19,19,28,19
06059063101,1666,0,296,1169,201,10,0,0,0,10,353,14,128,326,108,14,14,14,14,14
06059063102,3659,60,654,1713,1232,0,0,0,0,0,438,85,214,465,347,19,19,19,19,19
06059063103,1764,0,207,875,682,0,0,0,0,0,414,14,97,325,277,14,14,14,14,14
06059063201,1953,43,491,997,422,0,0,0,0,0,272,69,147,219,253,14,14,14,14,14
06059063202,2140,32,367,748,993,0,0,0,0,0,321,40,130,225,344,14,14,14,14,14
06059063301,2255,8,440,1368,439,0,0,0,0,0,371,14,156,364,250,14,14,14,14,14
06059063302,2156,0,378,1110,668,0,0,0,0,0,303,14,134,238,302,14,14,14,14,14
06059063400,2073,0,207,1232,634,0,0,0,0,0,311,14,119,276,223,14,14,14,14,14
06059063500,3030,64,775,950,1241,0,0,0,0,0,622,74,305,305,422,19,19,19,19,19
06059063601,2493,33,389,1591,480,0,0,0,0,0,420,50,201,405,201,14,14,14,14,14
06059063603,3729,28,767,1558,1376,0,0,0,0,0,530,51,220,448,573,19,19,19,19,19
06059063604,2179,34,428,741,976,26,9,0,17,0,350,28,160,251,389,31,14,14,27,14
06059063605,3236,88,740,1326,1082,40,0,20,20,0,428,89,264,366,421,49,19,34,34,19
06059063701,2913,130,486,1307,990,68,0,0,17,51,597,122,145,605,341,87,19,19,29,84
06059063702,3903,131,928,1309,1535,41,0,41,0,0,521,91,326,537,434,38,19,38,19,19
06059063802,1553,11,162,606,774,0,0,0,0,0,328,18,144,166,316,14,14,14,14,14
06059063803,2226,28,314,1091,793,0,0,0,0,0,325,43,106,215,315,14,14,14,14,14
06059063805,1145,49,76,481,539,15,0,0,0,15,154,63,39,96,141,16,14,14,14,16
06059063806,1907,80,126,768,933,0,0,0,0,0,254,72,72,209,287,14,14,14,14,14
06059063807,2907,84,912,1383,528,89,29,60,0,0,574,93,376,433,330,103,34,97,14,14
06059063808,2671,113,454,1163,941,158,41,22,58,37,333,92,149,305,315,94,48,28,64,35
06059063902,4205,38,549,2020,1598,106,16,76,14,0,471,41,226,508,612,112,24,106,23,19
06059063903,1833,34,100,692,1007,12,0,0,0,12,222,54,60,188,245,19,14,14,14,19
06059063904,2088,14,338,820,916,43,0,0,12,31,351,27,151,227,299,41,14,14,19,40
06059063905,2291,0,545,714,1032,8,0,8,0,0,360,14,176,207,318,13,14,13,14,14
06059063906,3569,144,907,1609,909,96,69,27,0,0,772,188,338,429,678,90,91,43,19,19
06059063908,4043,16,1090,1772,1165,94,0,94,0,0,698,27,313,469,640,94,19,94,19,19
06059063909,2588,44,831,1435,278,117,0,0,0,117,471,48,324,447,245,195,14,14,14,195
06059063910,2656,30,521,1000,1105,0,0,0,0,0,382,45,239,258,373,14,14,14,14,14
06059074003,1762,85,306,809,562,33,26,0,7,0,261,66,136,232,194,30,28,14,11,14
06059074004,4459,162,707,2025,1565,187,25,60,82,20,938,174,395,749,470,147,43,95,87,34
06059074005,3319,117,388,629,2185,89,53,17,19,0,594,91,206,231,598,93,82,27,31,19
06059074006,3419,133,935,1695,656,174,38,84,52,0,383,120,239,422,326,143,51,118,65,19
06059074102,3302,23,117,943,2219,180,8,18,96,58,504,34,135,442,501,129,12,45,95,72
06059074103,2960,0,159,473,2328,186,0,0,77,109,571,19,111,246,582,138,19,19,73,117
06059074106,3862,9,530,1718,1605,27,0,5,10,12,512,15,225,369,518,25,19,9,16,19
06059074107,3844,323,998,1774,749,18,0,18,0,0,497,284,273,371,461,29,19,29,19,19
06059074108,2350,46,65,461,1778,6,6,0,0,0,387,56,56,148,387,9,9,14,14,14
06059074109,1492,26,62,237,1167,0,0,0,0,0,250,32,72,97,249,14,14,14,14,14
06059074110,2077,23,162,289,1603,11,0,0,0,11,279,36,143,111,290,18,14,14,14,18
06059074111,2543,78,224,755,1486,7,7,0,0,0,383,70,106,320,375,11,11,19,19,19
06059074200,3969,30,176,920,2843,137,0,0,35,102,618,47,140,269,717,103,19,19,41,96
06059074300,1947,19,116,567,1245,39,13,5,0,21,295,21,131,186,258,28,19,9,14,21
06059074403,2464,39,767,871,787,102,0,72,30,0,413,58,214,243,422,70,19,51,48,19
06059074405,3126,43,762,1241,1080,53,15,7,10,21,482,40,300,314,425,42,23,12,18,29
06059074406,1859,0,306,535,1018,37,0,0,0,37,301,14,156,154,341,42,14,14,14,42
06059074407,2492,73,795,1109,515,25,8,0,0,17,380,57,211,282,291,34,13,19,19,30
06059074408,2610,10,474,871,1255,9,0,9,0,0,393,18,175,315,420,14,19,14,19,19
06059074501,2419,47,554,1195,623,37,0,23,0,14,371,55,219,386,257,42,19,37,19,22
06059074502,2536,33,81,639,1783,29,0,0,10,19,396,52,56,223,397,29,19,19,16,24
06059074601,3521,112,380,1064,1965,128,0,0,50,78,843,102,199,432,861,98,19,19,57,78
06059074602,3850,52,465,1027,2306,91,10,40,0,41,583,68,229,393,586,61,17,36,19,40
06059074701,3445,46,242,346,2811,91,23,0,0,68,644,78,127,187,691,103,39,19,19,91
06059074702,2776,26,354,541,1855,9,9,0,0,0,532,43,239,335,430,14,14,19,19,19
06059074801,2634,19,328,323,1964,17,0,0,0,17,427,32,166,161,446,23,19,19,19,23
06059074802,2622,0,182,1252,1188,8,0,0,0,8,327,19,115,288,422,18,19,19,19,18
06059074803,4650,25,237,904,3484,266,0,11,109,146,565,39,130,302,524,148,19,17,78,114
06059074805,1898,123,456,711,608,83,28,33,22,0,353,67,149,312,204,49,22,40,24,14
06059074806,2413,91,401,481,1440,65,24,8,0,33,435,66,151,131,430,50,40,13,19,25
06059074901,3927,37,702,1016,2172,393,24,85,146,138,660,43,271,357,567,189,37,75,126,132
06059074902,3005,0,414,1372,1219,259,0,10,249,0,664,19,154,675,348,308,19,16,308,19
06059075002,3526,0,777,1191,1558,162,0,39,57,66,652,19,349,454,709,149,19,62,87,104
06059075003,3142,157,1058,1148,779,101,7,57,37,0,471,82,349,350,313,72,11,53,41,19
06059075004,2000,114,757,812,317,179,42,77,51,9,286,67,221,222,172,86,48,64,41,15
06059075100,3455,48,753,984,1670,7,0,0,0,7,648,44,332,364,557,13,19,19,19,13
06059075201,2627,228,141,671,1587,130,48,0,6,76,467,181,147,254,506,91,53,19,10,67
06059075202,2740,23,269,805,1643,32,0,0,32,0,734,38,189,382,751,40,19,19,40,19
06059075301,2696,51,392,1085,1168,128,16,0,86,26,410,51,139,326,324,97,18,19,90,42
06059075302,2422,40,32,1007,1343,30,0,0,7,23,334,41,38,292,405,39,14,14,14,37
06059075303,1699,0,215,823,661,8,0,0,0,8,276,14,93,247,234,13,14,14,14,13
06059075401,2276,121,189,555,1411,0,0,0,0,0,336,197,99,166,280,14,14,14,14,14
06059075403,4383,157,759,1478,1989,27,0,14,13,0,522,154,302,450,427,30,19,22,23,19
06059075404,3892,65,245,2272,1310,50,24,15,0,11,749,70,156,731,335,57,44,25,19,25
06059075405,1622,21,126,695,780,12,0,0,12,0,241,34,59,197,262,19,14,14,19,14
06059075504,2310,45,287,1203,775,27,0,0,27,0,359,46,93,367,226,42,14,14,42,14
06059075505,1775,25,249,852,649,44,0,6,12,26,288,34,105,258,226,36,14,10,19,36
06059075506,1627,19,220,662,726,11,11,0,0,0,277,21,103,254,171,17,17,14,14,14
06059075507,3114,76,604,1427,1007,25,25,0,0,0,422,69,179,353,288,40,40,19,19,19
06059075512,2056,66,352,661,977,22,0,12,10,0,466,60,178,216,443,26,14,19,18,14
06059075513,2472,169,358,1030,915,9,0,9,0,0,466,139,134,283,463,14,14,14,14,14
06059075514,1964,67,267,783,847,76,0,8,37,31,300,70,98,210,318,57,14,13,41,35
06059075516,7058,486,3009,2630,933,171,0,107,64,0,889,304,665,750,736,186,21,160,102,21
06059075517,2550,69,674,1221,586,81,0,52,29,0,505,94,302,388,433,94,19,85,38,19
06059075518,4501,24,1077,2257,1143,0,0,0,0,0,584,40,402,655,561,21,21,21,21,21
06059075603,2183,0,302,990,891,0,0,0,0,0,395,14,190,303,288,14,14,14,14,14
06059075604,3267,0,63,1156,2048,0,0,0,0,0,377,19,68,294,416,19,19,19,19,19
06059075605,2924,0,223,1116,1585,116,0,0,0,116,551,19,116,261,539,183,19,19,19,183
06059075606,2757,126,113,1216,1302,14,0,0,14,0,425,191,67,350,370,25,19,19,25,19
06059075607,3937,18,952,2044,923,15,0,0,15,0,656,29,290,537,343,23,19,19,23,19
06059075701,3891,93,307,1124,2367,45,10,0,35,0,595,93,150,348,560,52,17,19,49,19
06059075702,1469,0,80,531,858,0,0,0,0,0,223,14,80,184,201,14,14,14,14,14
06059075703,1997,0,31,714,1252,0,0,0,0,0,290,14,32,151,312,14,14,14,14,14
06059075805,2191,81,304,680,1126,53,8,0,18,27,332,87,165,256,371,45,12,14,29,33
06059075806,2833,71,246,1412,1104,65,61,0,0,4,365,96,193,418,303,93,92,19,19,8
06059075807,2453,12,119,532,1790,14,0,0,0,14,653,20,70,207,657,25,19,19,19,25
06059075808,1511,32,4,563,912,52,0,0,28,24,214,50,7,182,257,52,14,14,43,30
06059075809,1293,0,42,499,752,0,0,0,0,0,228,14,50,194,228,14,14,14,14,14
06059075810,1166,15,60,297,794,0,0,0,0,0,260,26,46,119,252,14,14,14,14,14
06059075811,1652,6,145,503,998,12,0,0,0,12,310,8,63,149,333,16,14,14,14,16
06059075812,2829,10,554,1078,1187,8,0,0,0,8,325,16,246,252,285,16,19,19,19,16
06059075813,2462,86,202,785,1389,0,0,0,0,0,297,73,129,226,287,14,14,14,14,14
06059075814,1421,0,140,766,515,0,0,0,0,0,223,14,83,191,177,14,14,14,14,14
06059075815,2741,64,221,865,1591,6,0,0,6,0,510,71,112,234,549,9,19,19,9,19
06059075816,1691,0,245,866,580,14,0,0,14,0,203,14,145,254,219,22,14,14,22,14
06059075901,2419,52,577,1016,774,23,0,13,10,0,456,47,189,263,411,24,14,19,16,14
06059075902,3910,476,1025,1332,1077,112,112,0,0,0,572,300,359,500,424,114,114,19,19,19
06059076001,4314,96,618,1826,1774,40,0,0,40,0,655,107,269,435,563,66,19,19,66,19
06059076002,1461,142,463,545,311,0,0,0,0,0,358,170,210,306,153,14,14,14,14,14
06059076102,2814,60,664,1136,954,16,0,0,0,16,476,53,159,445,357,28,19,19,19,28
06059076103,4857,0,1021,1833,2003,73,0,19,43,11,575,19,493,465,542,62,19,31,46,18
06059076104,4255,82,707,2545,921,0,0,0,0,0,599,141,286,516,411,19,19,19,19,19
06059076105,2415,145,322,669,1279,92,30,0,0,62,552,138,234,436,425,66,35,14,14,52
06059076201,3888,40,189,1707,1952,11,11,0,0,0,578,47,119,395,575,21,21,19,19,19
06059076202,3261,84,456,1455,1266,51,0,0,51,0,425,90,255,394,226,74,19,19,74,19
06059076204,1929,11,468,709,741,13,0,0,13,0,271,17,188,221,319,19,14,14,19,14
06059076205,2616,0,355,788,1473,39,0,10,0,29,366,19,132,195,416,32,19,16,19,30
06059076206,2811,29,344,1018,1420,0,0,0,0,0,537,47,152,459,445,19,19,19,19,19
06059076208,3065,0,205,1404,1456,11,0,0,11,0,444,19,86,433,272,16,19,19,16,19
06059086301,3546,72,416,927,2131,62,11,0,38,13,437,85,175,254,365,46,19,19,38,20
06059086303,7054,0,1498,3808,1748,95,0,21,74,0,1086,21,588,905,693,96,21,36,85,21
06059086304,2211,72,293,1117,729,50,21,20,0,9,365,75,113,238,307,50,32,33,14,15
06059086305,2520,0,61,513,1946,0,0,0,0,0,805,14,50,286,811,14,14,14,14,14
06059086306,1938,17,212,733,976,0,0,0,0,0,309,29,107,261,270,14,14,14,14,14
06059086402,2882,0,154,900,1828,19,0,11,8,0,788,19,74,542,640,20,19,14,14,19
06059086404,3265,13,388,756,2108,0,0,0,0,0,653,15,207,336,664,19,19,19,19,19
06059086405,2954,54,433,807,1660,45,8,0,0,37,404,69,146,278,411,46,13,19,19,43
06059086406,2167,31,323,889,924,17,0,0,17,0,331,39,173,271,253,20,14,14,20,14
06059086407,3426,114,460,1426,1426,17,0,0,17,0,526,133,250,451,496,31,19,19,31,19
06059086501,1800,0,296,728,776,21,0,0,0,21,404,14,182,277,329,31,14,14,14,31
06059086502,3312,215,395,1257,1445,89,0,61,14,14,479,305,172,419,515,65,19,56,22,24
06059086601,4139,121,842,1439,1737,302,83,88,107,24,522,146,316,464,552,205,140,74,127,27
06059086602,2680,20,450,842,1368,9,0,0,9,0,409,29,162,275,380,14,19,19,14,19
06059086701,3901,23,211,1380,2287,151,0,0,69,82,592,42,115,379,633,108,19,19,80,68
06059086702,3628,41,541,1234,1812,60,0,35,9,16,676,54,243,350,640,53,19,46,15,22
06059086801,1648,14,134,579,921,51,0,0,17,34,248,26,76,172,270,57,14,14,25,47
06059086802,2847,80,319,483,1965,0,0,0,0,0,484,68,117,178,528,19,19,19,19,19
06059086803,3741,12,551,2071,1107,59,0,0,59,0,566,19,218,544,317,74,19,19,74,19
06059086901,3334,199,594,1727,814,49,18,0,0,31,398,110,239,417,317,63,29,19,19,56
06059086902,2492,18,334,529,1611,61,8,35,7,11,672,22,176,213,665,40,13,36,14,19
06059086903,3067,151,731,958,1227,113,0,79,0,34,286,130,231,254,321,82,19,78,19,35
06059087001,2375,95,377,891,1012,27,0,0,0,27,360,79,160,279,335,35,19,19,19,35
06059087002,3226,63,525,1051,1587,68,0,0,53,15,478,56,278,417,434,86,19,19,88,39
06059087101,2466,65,838,647,916,0,0,0,0,0,372,91,224,246,324,14,14,14,14,14
06059087102,2913,110,413,1455,935,47,20,0,0,27,332,84,182,277,346,46,22,19,19,34
06059087103,4358,0,430,1494,2434,0,0,0,0,0,707,19,245,372,621,19,19,19,19,19
06059087105,2907,38,753,1062,1054,55,12,43,0,0,531,48,455,400,278,61,18,58,19,19
06059087106,2139,70,410,673,986,175,52,31,17,75,450,64,233,260,403,100,56,53,26,66
06059087200,3684,183,858,1222,1421,94,66,0,0,28,778,193,501,561,467,96,92,19,19,42
06059087301,2192,79,704,554,855,10,0,0,0,10,309,121,224,338,358,16,14,14,14,16
06059087302,3363,75,749,1262,1277,237,0,45,152,40,681,89,256,543,539,165,19,70,121,64
06059087401,3411,131,344,1330,1606,33,13,0,0,20,537,151,121,321,512,34,16,19,19,31
06059087403,1182,8,293,418,463,49,0,9,40,0,221,13,131,143,175,37,14,16,35,14
06059087404,2010,33,315,657,1005,103,0,27,28,48,458,29,107,197,429,53,14,24,30,40
06059087405,2416,100,626,868,822,116,33,83,0,0,334,81,285,281,308,99,38,94,14,14
06059087503,3196,54,714,1156,1272,76,0,59,0,17,599,86,201,537,365,82,19,77,19,29
06059087504,3245,155,843,961,1286,101,51,0,16,34,621,112,477,322,439,77,45,19,22,49
06059087505,1926,115,465,542,804,36,36,0,0,0,412,163,195,202,340,57,57,14,14,14
06059087601,2413,81,263,981,1088,44,44,0,0,0,392,98,207,420,340,60,60,14,14,14
06059087602,3541,21,495,717,2308,61,0,0,0,61,1016,42,203,267,979,72,19,19,19,72
06059087701,2243,131,114,765,1233,41,0,0,41,0,390,109,71,308,372,45,19,19,45,19
06059087703,2987,35,145,610,2197,66,0,13,0,53,471,61,99,207,528,68,19,22,19,66
06059087704,2242,31,188,506,1517,11,0,11,0,0,491,40,111,197,487,18,19,18,19,19
06059087801,2254,94,274,883,1003,44,0,0,9,35,314,73,110,208,268,42,14,14,15,39
06059087802,3861,51,1029,1029,1752,42,0,0,16,26,636,67,390,337,513,41,19,19,25,33
06059087803,2927,34,412,597,1884,100,0,0,38,62,453,38,174,198,486,69,19,19,43,59
06059087805,3070,349,452,752,1517,80,51,0,0,29,293,212,138,241,353,70,57,19,19,42
06059087806,2463,148,506,609,1200,69,69,0,0,0,396,99,187,211,376,74,74,19,19,19
06059087901,1648,88,163,685,712,45,27,18,0,0,324,70,87,287,243,50,44,27,14,14
06059087902,2059,51,164,673,1171,28,28,0,0,0,414,47,105,354,289,36,36,14,14,14
06059088001,1987,49,145,430,1363,28,0,28,0,0,293,68,68,172,313,51,14,51,14,14
06059088002,1912,52,129,438,1293,0,0,0,0,0,468,53,115,230,426,14,14,14,14,14
06059088101,1087,13,100,423,551,9,0,0,9,0,152,21,48,104,133,13,14,14,13,14
06059088104,2138,80,392,988,678,23,23,0,0,0,340,94,184,277,204,37,37,14,14,14
06059088105,2140,94,70,622,1354,11,0,0,0,11,375,105,56,292,344,18,14,14,14,18
06059088106,2982,26,574,1463,919,11,0,0,11,0,394,39,200,361,295,18,19,19,18,19
06059088107,2618,125,211,812,1470,59,0,0,50,9,351,90,126,239,404,75,19,19,76,13
06059088201,1820,5,255,376,1184,24,0,24,0,0,248,16,134,141,278,42,14,42,14,14
06059088202,1913,11,161,471,1270,0,0,0,0,0,442,16,77,133,465,14,14,14,14,14
06059088203,2055,98,434,662,861,74,29,0,10,35,286,84,180,208,264,74,46,14,15,54
06059088301,2599,53,138,764,1644,11,0,11,0,0,327,43,77,230,323,17,19,17,19,19
06059088302,3190,59,549,926,1656,43,0,0,19,24,416,75,313,235,298,43,19,19,20,37
06059088401,2511,0,214,502,1795,0,0,0,0,0,414,19,136,150,443,19,19,19,19,19
06059088402,2112,64,293,676,1079,59,13,0,8,38,312,70,166,222,299,45,21,14,13,35
06059088403,3494,203,225,1276,1790,89,32,23,34,0,484,133,99,298,426,63,32,36,45,19
06059088501,3731,130,304,1238,2059,25,0,0,0,25,525,87,151,306,529,39,19,19,19,39
06059088502,2322,64,332,937,989,38,0,34,0,4,249,59,155,208,248,54,19,53,19,10
06059088601,4023,32,543,1597,1851,0,0,0,0,0,878,59,201,387,874,19,19,19,19,19
06059088602,2082,10,403,741,928,13,0,0,13,0,285,15,153,212,291,20,14,14,20,14
06059088701,2916,0,657,1190,1069,20,0,0,20,0,381,19,291,293,373,30,19,19,30,19
06059088702,2352,102,414,606,1230,21,0,0,21,0,304,77,168,185,219,33,19,19,33,19
06059088801,3534,167,683,1546,1138,40,0,0,0,40,497,199,235,403,428,65,19,19,19,65
06059088802,2620,63,228,961,1368,110,0,46,64,0,360,58,127,271,363,76,19,54,58,19
06059088901,3079,234,266,924,1655,19,0,8,11,0,330,142,108,239,276,22,19,15,17,19
06059088902,2478,45,168,718,1547,41,8,20,13,0,412,51,103,185,434,38,12,33,19,19
06059088903,3987,143,167,734,2943,0,0,0,0,0,486,145,104,239,530,19,19,19,19,19
06059088904,2346,242,223,500,1381,0,0,0,0,0,356,221,100,170,363,14,14,14,14,14
06059088905,2251,60,92,562,1537,7,0,0,7,0,297,92,62,179,294,12,19,19,12,19
06059089001,3110,15,328,757,2010,0,0,0,0,0,445,20,196,252,475,19,19,19,19,19
06059089003,2002,84,244,569,1105,11,0,0,11,0,301,76,97,151,332,12,14,14,12,14
06059089004,3327,201,336,1179,1611,114,64,28,22,0,508,192,158,411,449,97,81,44,34,19
06059089102,3180,171,262,1429,1318,23,14,0,0,9,432,125,133,451,386,27,22,19,19,14
06059089104,2088,68,467,579,974,104,13,21,32,38,345,45,147,234,383,69,20,35,40,41
06059089105,2734,132,276,782,1544,101,7,0,41,53,377,176,144,265,371,86,13,19,52,55
06059089106,1896,136,145,873,742,75,22,0,6,47,305,124,54,319,168,65,32,14,9,55
06059089107,3162,22,117,872,2151,207,0,13,128,66,589,28,91,395,552,138,19,19,132,59
06059099202,3352,191,394,910,1857,66,37,0,0,29,439,170,199,304,443,72,57,19,19,44
06059099203,2272,30,133,720,1389,0,0,0,0,0,419,33,72,181,432,19,19,19,19,19
06059099204,2316,236,237,994,849,7,0,0,0,7,491,269,101,459,297,11,19,19,19,11
06059099212,2577,0,408,870,1299,49,0,35,0,14,298,19,143,268,290,56,19,48,19,22
06059099214,1802,8,278,696,820,0,0,0,0,0,248,13,100,237,252,14,14,14,14,14
06059099215,3054,0,778,1285,991,6,0,0,0,6,366,19,339,251,378,9,19,19,19,9
06059099216,2020,28,78,864,1050,0,0,0,0,0,252,32,52,205,258,14,14,14,14,14
06059099217,1261,11,117,426,707,14,0,6,0,8,249,14,47,134,222,15,14,9,14,11
06059099220,2979,0,681,1584,714,13,0,0,0,13,538,19,220,537,287,22,19,19,19,22
06059099222,2261,151,321,905,884,24,0,0,21,3,380,115,151,250,317,25,19,19,23,10
06059099223,2800,144,155,817,1684,38,0,0,38,0,544,126,71,248,547,61,19,19,61,19
06059099224,1342,153,114,300,775,0,0,0,0,0,195,168,87,142,182,14,14,14,14,14
06059099225,1931,0,100,317,1514,25,0,0,25,0,355,14,95,103,359,25,14,14,25,14
06059099226,1481,0,57,412,1012,0,0,0,0,0,269,14,53,145,275,14,14,14,14,14
06059099227,3071,129,414,1202,1326,69,10,43,16,0,356,94,246,298,318,70,16,63,26,19
06059099229,2694,69,512,1074,1039,0,0,0,0,0,384,70,193,263,350,19,19,19,19,19
06059099230,1837,0,234,800,803,0,0,0,0,0,261,14,111,177,196,14,14,14,14,14
06059099231,2188,0,56,738,1394,0,0,0,0,0,298,14,44,168,328,14,14,14,14,14
06059099232,3007,0,194,933,1880,0,0,0,0,0,452,19,106,235,468,19,19,19,19,19
06059099233,1444,8,73,422,941,4,0,0,0,4,311,13,54,151,306,11,14,14,14,11
06059099234,1779,14,107,340,1318,0,0,0,0,0,588,19,87,119,586,14,14,14,14,14
06059099235,3063,0,637,1284,1142,0,0,0,0,0,742,19,367,480,589,19,19,19,19,19
06059099237,1403,19,40,561,783,0,0,0,0,0,322,32,35,166,309,14,14,14,14,14
06059099238,1632,0,69,735,828,0,0,0,0,0,194,14,45,163,187,14,14,14,14,14
06059099239,1520,0,38,543,939,0,0,0,0,0,205,14,32,181,192,14,14,14,14,14
06059099240,2688,32,690,1363,603,0,0,0,0,0,456,40,269,420,281,19,19,19,19,19
06059099241,2135,8,466,885,776,136,0,40,0,96,311,13,173,282,277,101,14,52,14,83
06059099242,1665,48,146,526,945,22,0,9,0,13,439,63,82,239,415,26,14,15,14,20
06059099243,2327,87,465,1291,484,8,0,0,8,0,392,104,168,348,190,14,14,14,14,14
06059099244,1324,0,183,707,434,0,0,0,0,0,210,14,86,200,125,14,14,14,14,14
06059099245,1280,0,20,538,722,0,0,0,0,0,230,14,21,153,252,14,14,14,14,14
06059099246,1367,35,157,444,731,0,0,0,0,0,238,55,125,118,205,14,14,14,14,14
06059099247,1197,29,101,446,621,14,0,0,14,0,182,26,52,127,166,15,14,14,15,14
06059099248,2449,9,646,862,932,301,0,177,68,56,658,13,329,292,519,195,19,152,68,77
06059099249,1729,67,246,571,845,50,7,18,25,0,208,64,122,148,224,36,10,21,30,14
06059099250,1696,47,165,470,1014,26,0,0,0,26,560,44,88,108,553,38,14,14,14,38
06059099251,2744,64,482,1304,894,0,0,0,0,0,530,76,248,428,399,19,19,19,19,19
06059099305,4499,17,886,2669,927,0,0,0,0,0,496,28,334,516,461,19,19,19,19,19
06059099306,4121,74,904,1751,1392,0,0,0,0,0,900,93,307,456,828,19,19,19,19,19
06059099307,1370,44,318,573,435,6,0,0,6,0,230,59,93,185,177,10,14,14,10,14
06059099308,2338,0,140,1201,997,8,0,0,8,0,376,19,102,407,285,20,19,19,20,19
06059099309,2553,84,505,994,970,0,0,0,0,0,491,81,348,284,429,14,14,14,14,14
06059099310,2502,7,672,1198,625,0,0,0,0,0,392,18,268,383,289,14,14,14,14,14
06059099311,2130,33,519,1016,562,17,0,0,0,17,218,34,128,235,183,27,14,14,14,27
06059099402,3581,0,765,1020,1796,40,0,0,0,40,673,19,410,399,695,65,19,19,19,65
06059099404,2170,16,216,681,1257,0,0,0,0,0,347,26,102,191,343,14,14,14,14,14
06059099405,2372,0,458,873,1041,17,0,17,0,0,326,14,158,243,300,24,14,24,14,14
06059099406,1990,39,386,655,910,19,0,0,7,12,200,45,168,162,161,22,14,14,10,19
06059099407,1138,6,95,529,508,0,0,0,0,0,131,9,52,105,127,14,14,14,14,14
06059099408,1958,0,143,843,972,0,0,0,0,0,254,14,69,208,232,14,14,14,14,14
06059099410,2476,25,1060,828,563,0,0,0,0,0,392,40,322,299,248,14,14,14,14,14
06059099411,3108,7,834,1681,586,0,0,0,0,0,534,10,241,576,243,19,19,19,19,19
06059099412,2165,0,449,1023,693,0,0,0,0,0,336,14,172,242,249,14,14,14,14,14
06059099415,2381,35,128,815,1403,0,0,0,0,0,349,48,67,292,235,14,14,14,14,14
06059099416,3591,190,741,1470,1190,0,0,0,0,0,743,191,240,654,553,19,19,19,19,19
06059099417,2639,48,438,1226,927,19,0,0,13,6,404,64,184,361,455,28,19,19,21,19
06059099418,1987,66,612,847,462,30,0,0,30,0,388,84,179,345,378,34,14,14,34,14
06059099419,2053,0,329,729,995,18,0,0,18,0,457,14,210,193,463,27,14,14,27,14
06059099502,268,0,60,156,52,0,0,0,0,0,91,14,38,77,46,14,14,14,14,14
06059099504,1387,22,75,603,687,0,0,0,0,0,297,33,57,168,278,14,14,14,14,14
06059099506,515,0,167,271,77,0,0,0,0,0,124,14,91,100,57,14,14,14,14,14
06059099508,2701,29,495,1460,717,0,0,0,0,0,614,34,233,578,301,19,19,19,19,19
06059099509,424,0,111,266,47,12,0,0,12,0,180,14,74,167,64,20,14,14,20,14
06059099510,699,0,447,205,47,45,0,45,0,0,219,14,170,133,61,72,14,72,14,14
06059099511,1583,29,712,667,175,0,0,0,0,0,280,31,273,181,169,14,14,14,14,14
06059099512,1784,50,347,909,478,0,0,0,0,0,223,58,117,234,201,14,14,14,14,14
06059099513,979,0,299,437,243,0,0,0,0,0,196,14,132,153,168,14,14,14,14,14
06059099514,2296,0,161,1083,1052,0,0,0,0,0,420,19,89,377,399,19,19,19,19,19
06059099601,3453,232,154,1489,1578,17,0,0,10,7,577,184,94,511,491,21,19,19,15,14
06059099602,1572,0,176,500,896,0,0,0,0,0,266,14,88,219,296,14,14,14,14,14
06059099603,3154,22,121,1251,1760,0,0,0,0,0,332,30,71,324,356,19,19,19,19,19
06059099604,1864,32,87,604,1141,0,0,0,0,0,329,43,76,255,284,14,14,14,14,14
06059099605,3129,105,896,1112,1016,55,0,33,22,0,531,134,380,424,316,63,19,51,34,19
06059099701,2788,64,534,529,1661,8,8,0,0,0,523,46,426,223,452,13,13,19,19,19
06059099702,3501,73,386,1308,1734,75,0,18,0,57,730,99,194,567,532,88,19,29,19,83
06059099703,2248,44,217,889,1098,12,12,0,0,0,409,52,116,242,391,19,19,19,19,19
06059099801,2946,6,425,850,1665,147,6,108,12,21,530,10,236,326,447,142,10,153,22,28
06059099802,1712,23,695,661,333,22,9,0,13,0,299,26,287,237,158,24,14,14,20,14
06059099803,2754,234,249,553,1718,43,9,0,0,34,639,175,100,186,671,43,14,19,19,42
06059099902,2173,31,289,505,1348,0,0,0,0,0,375,38,152,223,391,14,14,14,14,14
06059099903,2134,9,255,848,1022,20,0,0,6,14,365,14,93,309,304,26,19,19,12,23
06059099904,2334,85,333,811,1105,19,0,0,10,9,323,79,126,203,287,20,19,19,14,14
06059099905,1631,32,321,809,469,0,0,0,0,0,310,49,117,230,213,14,14,14,14,14
06059099906,2337,22,105,676,1534,11,0,0,11,0,264,37,51,250,244,16,19,19,16,19
06059110001,2522,10,174,1133,1205,58,0,0,0,58,541,16,121,527,333,58,14,14,14,58
06059110003,1193,0,69,536,588,0,0,0,0,0,173,14,69,125,144,14,14,14,14,14
06059110004,2391,0,180,1134,1077,0,0,0,0,0,314,14,116,298,265,14,14,14,14,14
06059110005,1758,17,218,753,770,0,0,0,0,0,201,29,131,212,189,14,14,14,14,14
06059110006,1542,0,125,874,543,0,0,0,0,0,322,14,87,318,155,14,14,14,14,14
06059110007,2431,0,95,801,1535,0,0,0,0,0,421,19,47,158,431,19,19,19,19,19
06059110008,1979,0,204,891,884,0,0,0,0,0,386,19,89,191,384,19,19,19,19,19
06059110010,2031,44,104,573,1310,10,0,0,10,0,311,51,75,149,331,16,14,14,16,14
06059110011,1183,0,114,536,533,12,0,0,0,12,155,14,67,135,165,22,14,14,14,22
06059110012,2110,10,38,996,1066,0,0,0,0,0,216,16,34,164,213,19,19,19,19,19
06059110014,2446,29,594,1186,637,0,0,0,0,0,357,36,151,320,233,14,14,14,14,14
06059110015,1817,0,45,852,920,19,0,0,19,0,263,14,36,298,228,17,14,14,17,14
06059110102,2774,37,294,835,1608,0,0,0,0,0,310,40,160,187,277,19,19,19,19,19
06059110104,2650,15,288,1257,1090,0,0,0,0,0,347,22,174,322,340,19,19,19,19,19
06059110106,1789,0,154,736,899,0,0,0,0,0,317,14,92,216,295,14,14,14,14,14
06059110108,1485,22,463,593,407,8,8,0,0,0,207,41,168,188,180,15,15,14,14,14
06059110109,3018,67,463,1147,1341,8,0,0,8,0,526,53,181,227,553,12,19,19,12,19
06059110110,2573,45,335,978,1215,13,6,7,0,0,341,48,122,279,269,15,10,11,19,19
06059110111,2632,0,182,1111,1339,0,0,0,0,0,441,19,90,324,409,19,19,19,19,19
06059110113,1067,44,67,287,669,21,16,0,5,0,184,41,42,105,178,26,24,14,8,14
06059110114,2277,52,105,939,1181,4,0,0,4,0,280,59,57,201,210,7,14,14,7,14
06059110115,1567,59,161,401,946,0,0,0,0,0,241,59,88,122,256,14,14,14,14,14
06059110116,2440,66,310,905,1159,16,0,0,0,16,346,79,184,312,368,25,14,14,14,25
06059110117,3233,27,444,1058,1704,17,0,0,0,17,403,44,197,337,443,27,19,19,19,27
06059110118,1221,6,88,427,700,0,0,0,0,0,203,10,68,131,157,14,14,14,14,14
06059110201,3563,74,518,1426,1545,19,0,0,0,19,484,73,209,461,378,27,19,19,19,27
06059110202,3721,130,644,1609,1338,15,15,0,0,0,451,101,305,346,385,24,24,19,19,19
06059110203,3098,104,340,889,1765,41,14,27,0,0,563,103,162,209,579,39,22,32,19,19
06059110301,4146,53,485,1014,2594,117,21,32,14,50,915,42,208,356,959,78,35,53,21,52
06059110302,3160,93,209,1061,1797,102,0,0,0,102,510,119,109,321,572,82,19,19,19,82
06059110303,2293,97,197,933,1066,7,0,0,0,7,261,90,122,214,262,12,14,14,14,12
06059110304,2084,11,157,500,1416,47,0,7,10,30,669,28,83,142,631,36,14,12,17,29
06059110401,2570,54,133,804,1579,0,0,0,0,0,420,76,110,238,370,14,14,14,14,14
06059110402,2882,83,131,880,1788,14,0,0,0,14,572,80,94,213,570,21,19,19,19,21
06059110500,4187,121,919,1427,1720,71,0,71,0,0,635,169,414,384,513,79,19,79,19,19
06059110603,4300,196,739,1987,1378,51,0,31,20,0,446,249,348,588,642,66,19,56,33,19
06059110604,4240,378,200,1733,1929,106,0,64,0,42,695,393,127,419,648,90,19,79,19,45
06059110605,2948,15,438,1749,746,19,0,0,19,0,486,26,178,481,321,32,19,19,32,19
06059110606,2158,80,440,1077,561,41,0,30,11,0,203,72,155,272,213,53,14,49,19,14
06059110607,1805,0,458,701,646,14,0,0,14,0,277,14,198,184,231,21,14,14,21,14
06059980000,0,0,0,0,0,0,0,0,0,0,14,14,14,14,14,14,14,14,14,14
06059990100,0,0,0,0,0,0,0,0,0,0,14,14,14,14,14,14,14,14,14,14
