tract10,tract20,share
06059001101,06059001101,1.00000000
06059001102,06059001102,1.00000000
06059001103,06059001103,1.00000000
06059001201,06059001201,1.00000000
06059001202,06059001202,1.00000000
06059001301,06059001102,0.00044158
06059001301,06059001301,0.99955842
06059001303,06059001303,1.00000000
06059001304,06059001304,1.00000000
06059001401,06059001401,1.00000000
06059001402,06059001402,1.00000000
06059001403,06059001403,1.00000000
06059001404,06059001404,1.00000000
06059001501,06059001501,1.00000000
06059001503,06059001503,0.99463696
06059001503,06059001603,0.00054402
06059001503,06059001604,0.00481902
06059001504,06059001504,1.00000000
06059001505,06059001505,1.00000000
06059001506,06059001506,1.00000000
06059001507,06059001507,1.00000000
06059001601,06059001503,0.00029166
06059001601,06059001603,0.48126733
06059001601,06059001604,0.51790230
06059001601,06059011300,0.00047498
06059001601,06059011401,0.00006373
06059001602,06059001602,1.00000000
06059001704,06059001704,1.00000000
06059001705,06059001705,1.00000000
06059001706,06059001706,0.99003574
06059001706,06059011200,0.00996426
06059001707,06059001709,0.35158508
06059001707,06059001710,0.64841492
06059001708,06059001708,1.00000000
06059001801,06059001801,0.97371971
06059001801,06059001802,0.00789460
06059001801,06059110607,0.01838570
06059001802,06059001802,0.99347022
06059001802,06059086701,0.00652978
06059001901,06059001901,1.00000000
06059001902,06059001902,1.00000000
06059001903,06059001903,0.99705513
06059001903,06059086701,0.00294487
06059011000,06059011000,1.00000000
06059011101,06059011101,1.00000000
06059011102,06059011102,1.00000000
06059011200,06059011200,1.00000000
06059011300,06059011300,1.00000000
06059011401,06059011401,1.00000000
06059011402,06059011402,1.00000000
06059011403,06059011403,1.00000000
06059011502,06059011502,0.99991949
06059011502,06059011504,0.00008051
06059011503,06059011503,1.00000000
06059011504,06059011504,1.00000000
06059011601,06059011601,1.00000000
06059011602,06059011602,1.00000000
06059011707,06059011707,0.99681544
06059011707,06059011709,0.00318456
06059011708,06059011707,0.01457785
06059011708,06059011708,0.98542215
06059011709,06059011707,0.00194763
06059011709,06059011709,0.99805237
06059011710,06059011710,1.00000000
06059011711,06059011711,1.00000000
06059011712,06059011712,1.00000000
06059011714,06059011714,0.97426818
06059011714,06059011716,0.02573182
06059011715,06059011715,0.99860909
06059011715,06059011718,0.00139091
06059011716,06059011716,1.00000000
06059011717,06059011717,1.00000000
06059011718,06059011718,1.00000000
06059011720,06059011720,1.00000000
06059011721,06059011721,1.00000000
06059011722,06059011722,1.00000000
06059021802,06059021802,1.00000000
06059021807,06059021807,0.94836096
06059021807,06059021816,0.00546070
06059021807,06059021817,0.01687085
06059021807,06059021830,0.02930750
06059021809,06059021809,1.00000000
06059021810,06059011718,0.00065019
06059021810,06059021809,0.00780545
06059021810,06059021810,0.99154436
06059021812,06059021812,0.99981366
06059021812,06059021816,0.00018634
06059021813,06059021813,1.00000000
06059021814,06059021814,1.00000000
06059021815,06059021814,0.00031085
06059021815,06059021822,0.02386921
06059021815,06059021831,0.47913408
06059021815,06059021832,0.49668586
06059021816,06059021816,1.00000000
06059021817,06059021817,1.00000000
06059021820,06059021810,0.00001011
06059021820,06059021820,0.99998989
06059021821,06059021821,1.00000000
06059021822,06059021822,1.00000000
06059021823,06059021823,1.00000000
06059021824,06059021824,0.99647094
06059021824,06059021829,0.00335523
06059021824,06059021830,0.00017384
06059021825,06059021825,0.98779697
06059021825,06059021827,0.01220303
06059021826,06059021826,1.00000000
06059021827,06059021827,1.00000000
06059021828,06059021828,1.00000000
06059021829,06059021829,1.00000000
06059021830,06059021825,0.00069914
06059021830,06059021830,0.99930086
06059021903,06059021903,0.99040889
06059021903,06059021915,0.00959111
06059021905,06059021905,1.00000000
06059021912,06059021912,0.95663624
06059021912,06059021916,0.00011562
06059021912,06059021917,0.00257554
06059021912,06059021920,0.03879368
06059021912,06059021923,0.00187892
06059021913,06059021913,1.00000000
06059021914,06059021914,1.00000000
06059021915,06059021915,1.00000000
06059021916,06059021916,1.00000000
06059021917,06059021912,0.00212718
06059021917,06059021917,0.99787282
06059021918,06059021918,1.00000000
06059021919,06059021919,0.99768508
06059021919,06059021920,0.00231492
06059021920,06059021912,0.00490995
06059021920,06059021916,0.00949125
06059021920,06059021920,0.98559880
06059021921,06059021921,0.96549861
06059021921,06059021922,0.03450139
06059021922,06059021922,1.00000000
06059021923,06059021912,0.00158684
06059021923,06059021923,0.99754956
06059021923,06059021924,0.00086360
06059021924,06059021826,0.08772348
06059021924,06059021912,0.00450873
06059021924,06059021924,0.90776779
06059032002,06059032002,1.00000000
06059032003,06059032003,1.00000000
06059032011,06059021924,0.00004075
06059032011,06059032011,0.99929672
06059032011,06059032041,0.00066253
06059032012,06059032012,0.99979642
06059032012,06059032013,0.00020358
06059032013,06059032013,1.00000000
06059032014,06059032014,0.99910102
06059032014,06059032015,0.00089898
06059032015,06059032015,1.00000000
06059032020,06059032020,1.00000000
06059032022,06059032022,0.97200609
06059032022,06059032057,0.00046460
06059032022,06059032058,0.02752932
06059032023,06059032062,0.30376458
06059032023,06059032063,0.46754335
06059032023,06059032064,0.18866384
06059032023,06059042111,0.02889796
06059032023,06059042203,0.01051285
06059032023,06059042312,0.00061742
06059032027,06059032027,1.00000000
06059032028,06059032028,1.00000000
06059032029,06059032029,0.99223515
06059032029,06059032030,0.00776485
06059032030,06059032029,0.08512115
06059032030,06059032030,0.91487885
06059032031,06059032031,1.00000000
06059032032,06059032032,1.00000000
06059032033,06059032033,1.00000000
06059032034,06059032034,1.00000000
06059032035,06059032035,1.00000000
06059032036,06059032036,1.00000000
06059032037,06059032037,0.86250812
06059032037,06059032038,0.02237493
06059032037,06059032053,0.11511695
06059032038,06059032038,0.90799788
06059032038,06059032053,0.09200212
06059032039,06059032039,0.78146193
06059032039,06059032057,0.21853807
06059032040,06059032040,1.00000000
06059032041,06059032011,0.00150453
06059032041,06059032041,0.90078415
06059032041,06059032042,0.09483263
06059032041,06059032043,0.00287869
06059032042,06059032041,0.00001238
06059032042,06059032042,0.99938048
06059032042,06059032043,0.00060714
06059032043,06059032042,0.00470641
06059032043,06059032043,0.87374713
06059032043,06059032044,0.00275471
06059032043,06059032046,0.08707107
06059032043,06059032066,0.03172068
06059032044,06059032042,0.00009113
06059032044,06059032043,0.00707048
06059032044,06059032044,0.89936635
06059032044,06059032045,0.01932509
06059032044,06059032046,0.00057254
06059032044,06059032055,0.07357442
06059032045,06059032044,0.00625626
06059032045,06059032045,0.97988521
06059032045,06059032065,0.01385853
06059032046,06059032044,0.00163353
06059032046,06059032046,0.99235574
06059032046,06059032066,0.00601073
06059032047,06059032047,1.00000000
06059032048,06059032047,0.00632955
06059032048,06059032048,0.99367045
06059032049,06059032049,1.00000000
06059032050,06059032049,0.04822272
06059032050,06059032050,0.95177728
06059032051,06059032051,1.00000000
06059032053,06059032053,1.00000000
06059032054,06059032054,1.00000000
06059032055,06059032044,0.00900155
06059032055,06059032055,0.99099845
06059032056,06059032045,0.00043209
06059032056,06059032046,0.00889796
06059032056,06059032065,0.42847816
06059032056,06059032066,0.56219180
06059032057,06059032057,1.00000000
06059032058,06059032022,0.04377775
06059032058,06059032058,0.95433166
06059032058,06059032061,0.00189059
06059032059,06059032058,0.00008246
06059032059,06059032059,0.99991754
06059032061,06059032022,0.03579708
06059032061,06059032058,0.17177583
06059032061,06059032061,0.79068122
06059032061,06059042312,0.00174587
06059042103,06059042115,0.19767747
06059042103,06059042116,0.80232253
06059042106,06059042106,0.99990881
06059042106,06059042201,0.00009119
06059042107,06059042107,1.00000000
06059042108,06059042108,1.00000000
06059042109,06059042109,0.98083098
06059042109,06059042114,0.01916902
06059042111,06059032062,0.00487050
06059042111,06059042111,0.97229486
06059042111,06059042112,0.01090427
06059042111,06059042205,0.01193038
06059042112,06059032062,0.03761810
06059042112,06059032063,0.02644949
06059042112,06059042111,0.00616433
06059042112,06059042112,0.92976807
06059042113,06059042109,0.00227529
06059042113,06059042113,0.98606344
06059042113,06059042114,0.01015549
06059042113,06059042116,0.00150577
06059042114,06059042114,1.00000000
06059042201,06059042106,0.00012848
06059042201,06059042201,0.99978808
06059042201,06059042313,0.00008344
06059042203,06059042201,0.00036894
06059042203,06059042203,0.97455485
06059042203,06059042205,0.00541346
06059042203,06059042312,0.01966275
06059042205,06059042203,0.00677507
06059042205,06059042205,0.99322493
06059042206,06059042201,0.00023384
06059042206,06059042206,0.99976616
06059042305,06059042305,0.99882728
06059042305,06059042323,0.00111811
06059042305,06059042324,0.00005461
06059042307,06059042307,1.00000000
06059042310,06059042340,0.26720075
06059042310,06059042341,0.73279925
06059042311,06059042311,0.99712161
06059042311,06059042339,0.00287839
06059042312,06059032061,0.00414649
06059042312,06059032064,0.00000235
06059042312,06059042203,0.00148244
06059042312,06059042312,0.99436872
06059042313,06059042313,1.00000000
06059042315,06059042311,0.00366882
06059042315,06059042315,0.99633118
06059042317,06059042317,1.00000000
06059042319,06059042319,0.98807695
06059042319,06059062633,0.01192305
06059042320,06059042320,1.00000000
06059042323,06059042305,0.00070237
06059042323,06059042313,0.00006626
06059042323,06059042323,0.99923136
06059042324,06059042305,0.00423773
06059042324,06059042317,0.00003429
06059042324,06059042324,0.99445751
06059042324,06059042325,0.00127047
06059042325,06059042305,0.06428368
06059042325,06059042324,0.00175072
06059042325,06059042325,0.92026411
06059042325,06059042326,0.01370150
06059042326,06059042325,0.00936865
06059042326,06059042326,0.99063135
06059042327,06059042327,0.99486190
06059042327,06059042328,0.00513810
06059042328,06059042327,0.00463061
06059042328,06059042328,0.99536939
06059042329,06059042329,1.00000000
06059042330,06059042330,1.00000000
06059042331,06059042331,1.00000000
06059042332,06059042331,0.05067267
06059042332,06059042332,0.94932733
06059042333,06059042333,1.00000000
06059042334,06059042334,0.99846262
06059042334,06059042335,0.00153738
06059042335,06059042335,1.00000000
06059042336,06059042336,1.00000000
06059042337,06059042311,0.01633269
06059042337,06059042315,0.00164143
06059042337,06059042332,0.08360925
06059042337,06059042337,0.89841662
06059042338,06059042338,1.00000000
06059042339,06059042339,1.00000000
06059052404,06059052408,0.00154170
06059052404,06059052422,0.00348434
06059052404,06059052438,0.39550862
06059052404,06059052439,0.59946533
06059052408,06059052408,1.00000000
06059052410,06059052410,1.00000000
06059052411,06059052411,1.00000000
06059052415,06059052415,0.99408378
06059052415,06059052424,0.00591622
06059052416,06059052416,1.00000000
06059052417,06059052417,1.00000000
06059052418,06059052417,0.00024386
06059052418,06059052431,0.16474283
06059052418,06059052432,0.30709210
06059052418,06059052433,0.52792122
06059052419,06059052419,0.99590221
06059052419,06059052437,0.00409779
06059052420,06059021912,0.00042793
06059052420,06059021924,0.00136073
06059052420,06059052419,0.00484224
06059052420,06059052434,0.25282527
06059052420,06059052435,0.24612508
06059052420,06059052436,0.21668701
06059052420,06059052437,0.27319370
06059052420,06059075607,0.00453804
06059052421,06059052421,1.00000000
06059052422,06059052408,0.00003420
06059052422,06059052422,0.99575631
06059052422,06059052425,0.00026492
06059052422,06059052438,0.00394457
06059052423,06059052423,1.00000000
06059052424,06059052424,1.00000000
06059052425,06059052422,0.00203630
06059052425,06059052425,0.99796370
06059052426,06059052429,0.37395026
06059052426,06059052430,0.61860419
06059052426,06059052438,0.00744555
06059052427,06059052427,1.00000000
06059052428,06059052428,1.00000000
06059052502,06059052502,0.99497926
06059052502,06059052527,0.00502074
06059052505,06059052505,1.00000000
06059052506,06059052506,1.00000000
06059052511,06059052511,1.00000000
06059052513,06059052513,1.00000000
06059052514,06059052514,1.00000000
06059052515,06059052529,0.38769628
06059052515,06059052530,0.61230372
06059052517,06059052531,0.39392807
06059052517,06059052532,0.60607193
06059052518,06059052518,0.99927210
06059052518,06059062653,0.00072790
06059052519,06059052519,1.00000000
06059052520,06059052520,1.00000000
06059052521,06059052521,1.00000000
06059052522,06059052522,1.00000000
06059052523,06059052523,1.00000000
06059052524,06059052524,1.00000000
06059052525,06059052524,0.00621554
06059052525,06059052533,0.47650132
06059052525,06059052534,0.15072600
06059052525,06059052535,0.36655715
06059052526,06059052526,1.00000000
06059052527,06059052527,0.99854574
06059052527,06059052535,0.00145426
06059052528,06059052528,1.00000000
06059062604,06059062643,0.00001574
06059062604,06059062649,0.00178496
06059062604,06059062652,0.01444083
06059062604,06059062654,0.43126736
06059062604,06059062655,0.33064047
06059062604,06059062656,0.22185063
06059062605,06059062605,1.00000000
06059062610,06059062610,0.99647874
06059062610,06059063904,0.00057322
06059062610,06059063908,0.00009266
06059062610,06059063909,0.00045889
06059062610,06059075516,0.00239650
06059062611,06059062611,0.99912119
06059062611,06059062614,0.00087881
06059062612,06059062650,0.62390594
06059062612,06059062651,0.37609406
06059062614,06059062614,0.99978921
06059062614,06059062655,0.00021079
06059062619,06059062619,1.00000000
06059062620,06059062619,0.00886921
06059062620,06059062620,0.99113079
06059062621,06059052410,0.00285790
06059062621,06059052518,0.00026120
06059062621,06059062648,0.00002512
06059062621,06059062649,0.00575190
06059062621,06059062652,0.39840638
06059062621,06059062653,0.58465895
06059062621,06059062654,0.00708272
06059062621,06059062655,0.00095584
06059062622,06059052410,0.00731059
06059062622,06059052411,0.02351790
06059062622,06059062622,0.96917152
06059062625,06059062625,1.00000000
06059062626,06059062626,0.99729249
06059062626,06059062627,0.00270751
06059062627,06059062627,1.00000000
06059062628,06059062628,1.00000000
06059062629,06059062629,1.00000000
06059062630,06059062630,1.00000000
06059062631,06059062631,1.00000000
06059062632,06059062620,0.00410605
06059062632,06059062632,0.97047634
06059062632,06059062633,0.02541761
06059062633,06059042325,0.01132584
06059062633,06059062632,0.00192839
06059062633,06059062633,0.98674576
06059062634,06059062634,0.99972249
06059062634,06059062649,0.00027751
06059062635,06059062635,0.98049960
06059062635,06059062641,0.01005502
06059062635,06059062648,0.00834473
06059062635,06059062649,0.00110065
06059062636,06059062636,1.00000000
06059062637,06059062637,1.00000000
06059062638,06059062638,1.00000000
06059062639,06059062639,1.00000000
06059062640,06059062640,1.00000000
06059062641,06059062641,1.00000000
06059062642,06059062642,1.00000000
06059062643,06059062643,1.00000000
06059062644,06059062645,0.00216852
06059062644,06059062657,0.32540145
06059062644,06059062658,0.67243003
06059062645,06059062645,1.00000000
06059062646,06059062646,0.99065273
06059062646,06059062647,0.00934727
06059062647,06059032014,0.03088026
06059062647,06059062647,0.96911974
06059062648,06059062648,1.00000000
06059062649,06059062649,0.97382009
06059062649,06059062652,0.02607523
06059062649,06059062656,0.00010468
06059062701,06059062701,1.00000000
06059062702,06059062702,1.00000000
06059062800,06059062800,1.00000000
06059062900,06059062900,1.00000000
06059063004,06059063004,1.00000000
06059063005,06059063005,1.00000000
06059063006,06059063006,1.00000000
06059063007,06059062610,0.00220211
06059063007,06059063007,0.99779789
06059063008,06059063008,1.00000000
06059063009,06059063009,1.00000000
06059063010,06059063010,1.00000000
06059063101,06059063101,1.00000000
06059063102,06059063102,1.00000000
06059063103,06059063103,1.00000000
06059063201,06059063201,1.00000000
06059063202,06059063202,1.00000000
06059063301,06059063301,1.00000000
06059063302,06059063302,1.00000000
06059063400,06059063302,0.00028433
06059063400,06059063400,0.99971567
06059063500,06059063500,1.00000000
06059063601,06059063601,1.00000000
06059063603,06059063603,1.00000000
06059063604,06059063604,1.00000000
06059063605,06059063605,1.00000000
06059063701,06059063701,0.99899345
06059063701,06059063808,0.00100655
06059063702,06059063702,1.00000000
06059063802,06059063802,1.00000000
06059063803,06059063803,1.00000000
06059063805,06059063805,1.00000000
06059063806,06059063806,1.00000000
06059063807,06059063807,1.00000000
06059063808,06059063808,1.00000000
06059063902,06059063902,1.00000000
06059063903,06059063902,0.00674425
06059063903,06059063903,0.99325575
06059063904,06059063904,1.00000000
06059063905,06059063905,1.00000000
06059063906,06059063906,1.00000000
06059063907,06059063909,0.42171602
06059063907,06059063910,0.57772109
06059063907,06059074107,0.00056289
06059063908,06059063908,1.00000000
06059074003,06059074003,1.00000000
06059074004,06059074004,1.00000000
06059074005,06059074005,0.99904358
06059074005,06059074006,0.00095642
06059074006,06059074006,1.00000000
06059074102,06059074102,1.00000000
06059074103,06059074103,1.00000000
06059074106,06059063910,0.00527648
06059074106,06059074106,0.99472352
06059074107,06059063910,0.00132658
06059074107,06059074107,0.99867342
06059074108,06059074108,1.00000000
06059074109,06059074109,1.00000000
06059074110,06059074110,1.00000000
06059074111,06059074111,1.00000000
06059074200,06059074200,1.00000000
06059074300,06059074300,1.00000000
06059074403,06059074403,1.00000000
06059074405,06059074405,1.00000000
06059074406,06059074406,1.00000000
06059074407,06059074407,1.00000000
06059074408,06059074408,1.00000000
06059074501,06059074501,1.00000000
06059074502,06059074502,1.00000000
06059074601,06059074601,1.00000000
06059074602,06059074602,1.00000000
06059074701,06059074701,1.00000000
06059074702,06059074102,0.00027467
06059074702,06059074702,0.99972533
06059074801,06059074801,1.00000000
06059074802,06059074802,1.00000000
06059074803,06059074803,1.00000000
06059074805,06059074805,1.00000000
06059074806,06059074806,1.00000000
06059074901,06059074901,1.00000000
06059074902,06059074902,1.00000000
06059075002,06059075002,1.00000000
06059075003,06059075003,1.00000000
06059075004,06059075004,1.00000000
06059075100,06059075100,1.00000000
06059075201,06059075201,1.00000000
06059075202,06059075202,1.00000000
06059075301,06059075301,0.95287290
06059075301,06059076001,0.01474194
06059075301,06059076102,0.03238516
06059075302,06059075302,1.00000000
06059075303,06059075303,1.00000000
06059075401,06059075401,1.00000000
06059075403,06059075403,1.00000000
06059075404,06059075404,1.00000000
06059075405,06059075405,1.00000000
06059075504,06059075504,1.00000000
06059075505,06059075505,1.00000000
06059075506,06059075505,0.00397384
06059075506,06059075506,0.99602616
06059075507,06059075507,1.00000000
06059075512,06059075512,1.00000000
06059075513,06059075513,1.00000000
06059075514,06059075514,1.00000000
06059075515,06059052523,0.00000163
06059075515,06059052530,0.01213601
06059075515,06059074003,0.00048878
06059075515,06059074403,0.00125697
06059075515,06059075516,0.35570251
06059075515,06059075517,0.26861637
06059075515,06059075518,0.36179773
06059075603,06059075603,1.00000000
06059075604,06059075604,0.99998369
06059075604,06059075703,0.00001631
06059075605,06059075605,1.00000000
06059075606,06059075606,1.00000000
06059075607,06059075607,1.00000000
06059075701,06059075701,1.00000000
06059075702,06059075702,1.00000000
06059075703,06059075703,1.00000000
06059075805,06059075805,0.96383442
06059075805,06059075815,0.03616558
06059075806,06059075806,0.98408135
06059075806,06059075807,0.00953516
06059075806,06059075808,0.00638350
06059075807,06059075807,1.00000000
06059075808,06059075808,1.00000000
06059075809,06059075809,1.00000000
06059075810,06059075810,1.00000000
06059075811,06059075811,0.99835062
06059075811,06059075812,0.00164938
06059075812,06059075811,0.00008506
06059075812,06059075812,0.99991494
06059075813,06059075813,1.00000000
06059075814,06059075809,0.02220460
06059075814,06059075814,0.97779540
06059075815,06059075815,1.00000000
06059075816,06059075816,1.00000000
06059075901,06059075901,1.00000000
06059075902,06059075902,1.00000000
06059076000,06059075301,0.00114299
06059076000,06059076001,0.79582523
06059076000,06059076002,0.20303178
06059076101,06059076102,0.00057052
06059076101,06059076104,0.56573901
06059076101,06059076105,0.42935468
06059076101,06059086303,0.00366102
06059076101,06059087504,0.00067477
06059076102,06059076102,1.00000000
06059076103,06059076102,0.01006479
06059076103,06059076103,0.98993521
06059076201,06059076201,0.99272183
06059076201,06059086407,0.00727817
06059076202,06059021903,0.00873515
06059076202,06059021915,0.00603912
06059076202,06059076202,0.98522572
06059076204,06059076204,1.00000000
06059076205,06059076205,1.00000000
06059076206,06059076205,0.00206693
06059076206,06059076206,0.99793307
06059076208,06059076208,1.00000000
06059086301,06059086301,1.00000000
06059086303,06059076204,0.00226360
06059086303,06059086303,0.99773640
06059086304,06059086304,0.99937832
06059086304,06059086406,0.00062168
06059086305,06059086305,1.00000000
06059086306,06059076204,0.01096890
06059086306,06059086306,0.98903110
06059086402,06059086402,1.00000000
06059086404,06059086404,1.00000000
06059086405,06059086405,1.00000000
06059086406,06059086406,1.00000000
06059086407,06059076201,0.00462579
06059086407,06059086406,0.00044449
06059086407,06059086407,0.99492972
06059086501,06059011602,0.00211377
06059086501,06059086501,0.99788623
06059086502,06059086502,1.00000000
06059086601,06059086601,1.00000000
06059086602,06059086602,1.00000000
06059086701,06059086701,1.00000000
06059086702,06059086702,1.00000000
06059086801,06059086801,1.00000000
06059086802,06059086802,1.00000000
06059086803,06059086803,1.00000000
06059086901,06059086901,1.00000000
06059086902,06059086902,0.99964800
06059086902,06059086903,0.00035200
06059086903,06059086903,1.00000000
06059087001,06059087001,1.00000000
06059087002,06059087002,1.00000000
06059087101,06059087101,1.00000000
06059087102,06059087102,1.00000000
06059087103,06059087103,1.00000000
06059087105,06059087105,1.00000000
06059087106,06059087106,1.00000000
06059087200,06059087200,1.00000000
06059087300,06059087301,0.42912677
06059087300,06059087302,0.57087323
06059087401,06059087401,1.00000000
06059087403,06059087403,1.00000000
06059087404,06059087404,1.00000000
06059087405,06059087405,1.00000000
06059087503,06059087503,1.00000000
06059087504,06059087504,1.00000000
06059087505,06059087505,1.00000000
06059087601,06059087601,1.00000000
06059087602,06059087602,1.00000000
06059087701,06059087701,1.00000000
06059087703,06059087703,1.00000000
06059087704,06059087704,1.00000000
06059087801,06059087801,1.00000000
06059087802,06059087802,0.99189963
06059087802,06059087803,0.00810037
06059087803,06059087803,1.00000000
06059087805,06059087805,1.00000000
06059087806,06059087806,1.00000000
06059087901,06059087901,1.00000000
06059087902,06059087902,1.00000000
06059088001,06059088001,1.00000000
06059088002,06059088002,1.00000000
06059088101,06059088101,0.97593644
06059088101,06059099904,0.02406356
06059088104,06059088104,1.00000000
06059088105,06059088105,1.00000000
06059088106,06059088106,0.99535098
06059088106,06059099801,0.00433018
06059088106,06059099904,0.00031884
06059088107,06059088107,1.00000000
06059088201,06059088201,1.00000000
06059088202,06059088202,1.00000000
06059088203,06059088203,1.00000000
06059088301,06059088301,1.00000000
06059088302,06059088302,1.00000000
06059088401,06059088401,1.00000000
06059088402,06059088402,1.00000000
06059088403,06059088403,1.00000000
06059088501,06059088501,1.00000000
06059088502,06059088502,1.00000000
06059088601,06059088601,1.00000000
06059088602,06059088602,1.00000000
06059088701,06059088701,1.00000000
06059088702,06059088702,1.00000000
06059088801,06059088801,0.99914616
06059088801,06059099801,0.00085384
06059088802,06059088801,0.00962506
06059088802,06059088802,0.98299739
06059088802,06059099801,0.00737755
06059088901,06059088901,1.00000000
06059088902,06059088902,1.00000000
06059088903,06059088903,1.00000000
06059088904,06059088904,1.00000000
06059088905,06059088905,1.00000000
06059089001,06059089001,1.00000000
06059089003,06059089003,1.00000000
06059089004,06059089004,1.00000000
06059089102,06059089102,1.00000000
06059089104,06059089104,0.97538163
06059089104,06059089105,0.02461837
06059089105,06059089105,1.00000000
06059089106,06059089106,1.00000000
06059089107,06059089107,1.00000000
06059099202,06059099202,0.99986513
06059099202,06059099227,0.00013487
06059099203,06059099203,1.00000000
06059099204,06059099204,1.00000000
06059099212,06059099212,1.00000000
06059099214,06059099214,1.00000000
06059099215,06059099215,1.00000000
06059099216,06059099216,1.00000000
06059099217,06059099217,1.00000000
06059099220,06059099220,0.99975152
06059099220,06059099239,0.00024848
06059099222,06059099222,1.00000000
06059099223,06059099223,1.00000000
06059099224,06059099222,0.00932752
06059099224,06059099224,0.97068097
06059099224,06059099241,0.01898321
06059099224,06059099242,0.00100830
06059099225,06059099225,1.00000000
06059099226,06059099202,0.00124763
06059099226,06059099226,0.99875237
06059099227,06059099202,0.00084295
06059099227,06059099227,0.99915705
06059099229,06059099229,1.00000000
06059099230,06059099230,1.00000000
06059099231,06059099214,0.00003401
06059099231,06059099231,0.99996599
06059099232,06059099232,1.00000000
06059099233,06059099233,1.00000000
06059099234,06059099234,1.00000000
06059099235,06059099212,0.00121616
06059099235,06059099235,0.99878384
06059099237,06059099237,0.99821935
06059099237,06059099244,0.00178065
06059099238,06059099238,1.00000000
06059099239,06059099239,1.00000000
06059099240,06059099240,1.00000000
06059099241,06059099241,0.99323525
06059099241,06059099242,0.00374911
06059099241,06059099410,0.00301564
06059099242,06059099241,0.01203953
06059099242,06059099242,0.98796047
06059099243,06059099243,1.00000000
06059099244,06059099244,1.00000000
06059099245,06059099245,1.00000000
06059099246,06059099246,1.00000000
06059099247,06059099247,1.00000000
06059099248,06059099248,1.00000000
06059099249,06059099249,1.00000000
06059099250,06059099250,1.00000000
06059099251,06059099251,1.00000000
06059099305,06059099305,1.00000000
06059099306,06059099305,0.00240913
06059099306,06059099306,0.99759087
06059099307,06059099307,1.00000000
06059099308,06059099308,1.00000000
06059099309,06059099309,1.00000000
06059099310,06059099310,1.00000000
06059099311,06059099311,1.00000000
06059099402,06059099402,1.00000000
06059099404,06059099404,1.00000000
06059099405,06059099404,0.00103747
06059099405,06059099405,0.99896253
06059099406,06059099406,1.00000000
06059099407,06059099407,1.00000000
06059099408,06059099408,1.00000000
06059099410,06059099410,1.00000000
06059099411,06059099411,1.00000000
06059099412,06059099412,1.00000000
06059099413,06059099402,0.00003752
06059099413,06059099418,0.54169938
06059099413,06059099419,0.45826309
06059099415,06059099415,1.00000000
06059099416,06059099416,1.00000000
06059099417,06059099417,1.00000000
06059099502,06059099502,0.58904050
06059099502,06059099506,0.01096143
06059099502,06059099508,0.06951773
06059099502,06059099509,0.03742067
06059099502,06059099513,0.00397727
06059099502,06059099514,0.07486287
06059099502,06059099603,0.04252487
06059099502,06059099906,0.12274836
06059099502,06059110008,0.00546761
06059099502,06059110012,0.04347869
06059099504,06059099504,1.00000000
06059099506,06059099506,1.00000000
06059099508,06059099508,1.00000000
06059099509,06059099509,1.00000000
06059099510,06059099510,1.00000000
06059099511,06059099511,1.00000000
06059099512,06059099512,1.00000000
06059099513,06059099506,0.01726652
06059099513,06059099513,0.98273348
06059099514,06059099514,1.00000000
06059099601,06059099601,1.00000000
06059099602,06059099602,1.00000000
06059099603,06059099508,0.00011101
06059099603,06059099603,0.99988899
06059099604,06059099604,1.00000000
06059099605,06059099601,0.00321604
06059099605,06059099605,0.99678396
06059099701,06059099701,0.99993100
06059099701,06059099702,0.00006900
06059099702,06059099702,1.00000000
06059099703,06059099241,0.00333659
06059099703,06059099703,0.99666341
06059099801,06059099801,1.00000000
06059099802,06059099802,1.00000000
06059099803,06059099803,1.00000000
06059099902,06059099902,0.99107817
06059099902,06059110004,0.00892183
06059099903,06059099903,0.97477909
06059099903,06059110004,0.02522091
06059099904,06059099904,1.00000000
06059099905,06059099905,0.93067163
06059099905,06059110004,0.04268382
06059099905,06059110005,0.02664455
06059099906,06059099906,0.99756372
06059099906,06059110005,0.00243628
06059110001,06059110001,0.99999207
06059110001,06059110015,0.00000793
06059110003,06059110003,1.00000000
06059110004,06059110004,1.00000000
06059110005,06059110005,1.00000000
06059110006,06059110006,0.99942759
06059110006,06059110014,0.00057241
06059110007,06059110007,1.00000000
06059110008,06059110008,1.00000000
06059110010,06059110010,1.00000000
06059110011,06059110011,1.00000000
06059110012,06059110012,0.99958390
06059110012,06059110015,0.00041610
06059110014,06059110014,1.00000000
06059110015,06059110001,0.04260830
06059110015,06059110012,0.01588939
06059110015,06059110015,0.94150231
06059110102,06059110102,0.98954364
06059110102,06059110111,0.01045636
06059110104,06059110104,1.00000000
06059110106,06059110106,0.99628911
06059110106,06059110108,0.00236120
06059110106,06059110113,0.00134969
06059110108,06059110108,1.00000000
06059110109,06059110109,1.00000000
06059110110,06059110110,1.00000000
06059110111,06059110111,1.00000000
06059110113,06059110113,1.00000000
06059110114,06059110114,1.00000000
06059110115,06059110115,0.99539461
06059110115,06059110301,0.00460539
06059110116,06059110116,0.99352825
06059110116,06059110301,0.00634257
06059110116,06059110304,0.00012918
06059110117,06059110117,1.00000000
06059110118,06059110118,1.00000000
06059110201,06059110201,1.00000000
06059110202,06059110202,1.00000000
06059110203,06059110203,1.00000000
06059110301,06059110301,1.00000000
06059110302,06059110302,1.00000000
06059110303,06059110303,1.00000000
06059110304,06059110304,1.00000000
06059110401,06059110401,1.00000000
06059110402,06059110402,1.00000000
06059110500,06059110500,1.00000000
06059110603,06059110500,0.00307761
06059110603,06059110603,0.99692239
06059110604,06059110604,0.99082801
06059110604,06059110605,0.00917199
06059110605,06059110604,0.00104649
06059110605,06059110605,0.99895351
06059110606,06059110606,1.00000000
06059110607,06059110607,1.00000000
06059980000,06059980000,1.00000000
06059990100,06059062800,1.00000000
